[{"model": "admin.logentry", "pk": 1, "fields": {"action_time": "2021-03-27T20:49:39.661Z", "user": 1, "content_type": 10, "object_id": "1", "object_repr": "Lasaña vegetariana Carrefour Veggie 600 g.", "action_flag": 2, "change_message": "[{\"changed\": {\"fields\": [\"Descripcion\"]}}]"}}, {"model": "admin.logentry", "pk": 2, "fields": {"action_time": "2021-03-27T20:50:05.104Z", "user": 1, "content_type": 10, "object_id": "2", "object_repr": "PICADO CARNAL", "action_flag": 2, "change_message": "[{\"changed\": {\"fields\": [\"Descripcion\"]}}]"}}, {"model": "admin.logentry", "pk": 3, "fields": {"action_time": "2021-03-27T20:50:31.091Z", "user": 1, "content_type": 10, "object_id": "3", "object_repr": "Pizza Prosciutto & Funghi", "action_flag": 2, "change_message": "[{\"changed\": {\"fields\": [\"Descripcion\"]}}]"}}, {"model": "admin.logentry", "pk": 4, "fields": {"action_time": "2021-03-27T20:50:52.467Z", "user": 1, "content_type": 10, "object_id": "6", "object_repr": "Pan pueblo sin gluten ecologico - 400 gr - Zealia", "action_flag": 2, "change_message": "[{\"changed\": {\"fields\": [\"Descripcion\"]}}]"}}, {"model": "admin.logentry", "pk": 5, "fields": {"action_time": "2021-03-27T21:00:55.004Z", "user": 1, "content_type": 10, "object_id": "19", "object_repr": "Pizza vegana", "action_flag": 2, "change_message": "[{\"changed\": {\"fields\": [\"Dietas\"]}}]"}}, {"model": "admin.logentry", "pk": 6, "fields": {"action_time": "2021-03-27T21:02:17.560Z", "user": 1, "content_type": 10, "object_id": "18", "object_repr": "Croquetas de setas", "action_flag": 2, "change_message": "[{\"changed\": {\"fields\": [\"Dietas\"]}}]"}}, {"model": "admin.logentry", "pk": 7, "fields": {"action_time": "2021-03-27T21:02:24.574Z", "user": 1, "content_type": 10, "object_id": "17", "object_repr": "Croquetas de espinacas", "action_flag": 2, "change_message": "[{\"changed\": {\"fields\": [\"Dietas\"]}}]"}}, {"model": "admin.logentry", "pk": 8, "fields": {"action_time": "2021-03-27T21:03:33.427Z", "user": 1, "content_type": 10, "object_id": "16", "object_repr": "Bebida de almendras", "action_flag": 2, "change_message": "[{\"changed\": {\"fields\": [\"Dietas\"]}}]"}}, {"model": "auth.permission", "pk": 1, "fields": {"name": "Can add log entry", "content_type": 1, "codename": "add_logentry"}}, {"model": "auth.permission", "pk": 2, "fields": {"name": "Can change log entry", "content_type": 1, "codename": "change_logentry"}}, {"model": "auth.permission", "pk": 3, "fields": {"name": "Can delete log entry", "content_type": 1, "codename": "delete_logentry"}}, {"model": "auth.permission", "pk": 4, "fields": {"name": "Can view log entry", "content_type": 1, "codename": "view_logentry"}}, {"model": "auth.permission", "pk": 5, "fields": {"name": "Can add permission", "content_type": 2, "codename": "add_permission"}}, {"model": "auth.permission", "pk": 6, "fields": {"name": "Can change permission", "content_type": 2, "codename": "change_permission"}}, {"model": "auth.permission", "pk": 7, "fields": {"name": "Can delete permission", "content_type": 2, "codename": "delete_permission"}}, {"model": "auth.permission", "pk": 8, "fields": {"name": "Can view permission", "content_type": 2, "codename": "view_permission"}}, {"model": "auth.permission", "pk": 9, "fields": {"name": "Can add group", "content_type": 3, "codename": "add_group"}}, {"model": "auth.permission", "pk": 10, "fields": {"name": "Can change group", "content_type": 3, "codename": "change_group"}}, {"model": "auth.permission", "pk": 11, "fields": {"name": "Can delete group", "content_type": 3, "codename": "delete_group"}}, {"model": "auth.permission", "pk": 12, "fields": {"name": "Can view group", "content_type": 3, "codename": "view_group"}}, {"model": "auth.permission", "pk": 13, "fields": {"name": "Can add user", "content_type": 4, "codename": "add_user"}}, {"model": "auth.permission", "pk": 14, "fields": {"name": "Can change user", "content_type": 4, "codename": "change_user"}}, {"model": "auth.permission", "pk": 15, "fields": {"name": "Can delete user", "content_type": 4, "codename": "delete_user"}}, {"model": "auth.permission", "pk": 16, "fields": {"name": "Can view user", "content_type": 4, "codename": "view_user"}}, {"model": "auth.permission", "pk": 17, "fields": {"name": "Can add content type", "content_type": 5, "codename": "add_contenttype"}}, {"model": "auth.permission", "pk": 18, "fields": {"name": "Can change content type", "content_type": 5, "codename": "change_contenttype"}}, {"model": "auth.permission", "pk": 19, "fields": {"name": "Can delete content type", "content_type": 5, "codename": "delete_contenttype"}}, {"model": "auth.permission", "pk": 20, "fields": {"name": "Can view content type", "content_type": 5, "codename": "view_contenttype"}}, {"model": "auth.permission", "pk": 21, "fields": {"name": "Can add session", "content_type": 6, "codename": "add_session"}}, {"model": "auth.permission", "pk": 22, "fields": {"name": "Can change session", "content_type": 6, "codename": "change_session"}}, {"model": "auth.permission", "pk": 23, "fields": {"name": "Can delete session", "content_type": 6, "codename": "delete_session"}}, {"model": "auth.permission", "pk": 24, "fields": {"name": "Can view session", "content_type": 6, "codename": "view_session"}}, {"model": "auth.permission", "pk": 25, "fields": {"name": "Can add dieta", "content_type": 7, "codename": "add_dieta"}}, {"model": "auth.permission", "pk": 26, "fields": {"name": "Can change dieta", "content_type": 7, "codename": "change_dieta"}}, {"model": "auth.permission", "pk": 27, "fields": {"name": "Can delete dieta", "content_type": 7, "codename": "delete_dieta"}}, {"model": "auth.permission", "pk": 28, "fields": {"name": "Can view dieta", "content_type": 7, "codename": "view_dieta"}}, {"model": "auth.permission", "pk": 29, "fields": {"name": "Can add perfil", "content_type": 8, "codename": "add_perfil"}}, {"model": "auth.permission", "pk": 30, "fields": {"name": "Can change perfil", "content_type": 8, "codename": "change_perfil"}}, {"model": "auth.permission", "pk": 31, "fields": {"name": "Can delete perfil", "content_type": 8, "codename": "delete_perfil"}}, {"model": "auth.permission", "pk": 32, "fields": {"name": "Can view perfil", "content_type": 8, "codename": "view_perfil"}}, {"model": "auth.permission", "pk": 33, "fields": {"name": "Can add ubicacion", "content_type": 9, "codename": "add_ubicacion"}}, {"model": "auth.permission", "pk": 34, "fields": {"name": "Can change ubicacion", "content_type": 9, "codename": "change_ubicacion"}}, {"model": "auth.permission", "pk": 35, "fields": {"name": "Can delete ubicacion", "content_type": 9, "codename": "delete_ubicacion"}}, {"model": "auth.permission", "pk": 36, "fields": {"name": "Can view ubicacion", "content_type": 9, "codename": "view_ubicacion"}}, {"model": "auth.permission", "pk": 37, "fields": {"name": "Can add producto", "content_type": 10, "codename": "add_producto"}}, {"model": "auth.permission", "pk": 38, "fields": {"name": "Can change producto", "content_type": 10, "codename": "change_producto"}}, {"model": "auth.permission", "pk": 39, "fields": {"name": "Can delete producto", "content_type": 10, "codename": "delete_producto"}}, {"model": "auth.permission", "pk": 40, "fields": {"name": "Can view producto", "content_type": 10, "codename": "view_producto"}}, {"model": "auth.permission", "pk": 41, "fields": {"name": "Can add ubicacion producto", "content_type": 11, "codename": "add_ubicacionproducto"}}, {"model": "auth.permission", "pk": 42, "fields": {"name": "Can change ubicacion producto", "content_type": 11, "codename": "change_ubicacionproducto"}}, {"model": "auth.permission", "pk": 43, "fields": {"name": "Can delete ubicacion producto", "content_type": 11, "codename": "delete_ubicacionproducto"}}, {"model": "auth.permission", "pk": 44, "fields": {"name": "Can view ubicacion producto", "content_type": 11, "codename": "view_ubicacionproducto"}}, {"model": "auth.permission", "pk": 45, "fields": {"name": "Can add causa reporte", "content_type": 12, "codename": "add_causareporte"}}, {"model": "auth.permission", "pk": 46, "fields": {"name": "Can change causa reporte", "content_type": 12, "codename": "change_causareporte"}}, {"model": "auth.permission", "pk": 47, "fields": {"name": "Can delete causa reporte", "content_type": 12, "codename": "delete_causareporte"}}, {"model": "auth.permission", "pk": 48, "fields": {"name": "Can view causa reporte", "content_type": 12, "codename": "view_causareporte"}}, {"model": "auth.permission", "pk": 49, "fields": {"name": "Can add reporte", "content_type": 13, "codename": "add_reporte"}}, {"model": "auth.permission", "pk": 50, "fields": {"name": "Can change reporte", "content_type": 13, "codename": "change_reporte"}}, {"model": "auth.permission", "pk": 51, "fields": {"name": "Can delete reporte", "content_type": 13, "codename": "delete_reporte"}}, {"model": "auth.permission", "pk": 52, "fields": {"name": "Can view reporte", "content_type": 13, "codename": "view_reporte"}}, {"model": "auth.permission", "pk": 53, "fields": {"name": "Can add valoracion", "content_type": 14, "codename": "add_valoracion"}}, {"model": "auth.permission", "pk": 54, "fields": {"name": "Can change valoracion", "content_type": 14, "codename": "change_valoracion"}}, {"model": "auth.permission", "pk": 55, "fields": {"name": "Can delete valoracion", "content_type": 14, "codename": "delete_valoracion"}}, {"model": "auth.permission", "pk": 56, "fields": {"name": "Can view valoracion", "content_type": 14, "codename": "view_valoracion"}}, {"model": "auth.permission", "pk": 57, "fields": {"name": "Can add aportacion", "content_type": 15, "codename": "add_aportacion"}}, {"model": "auth.permission", "pk": 58, "fields": {"name": "Can change aportacion", "content_type": 15, "codename": "change_aportacion"}}, {"model": "auth.permission", "pk": 59, "fields": {"name": "Can delete aportacion", "content_type": 15, "codename": "delete_aportacion"}}, {"model": "auth.permission", "pk": 60, "fields": {"name": "Can view aportacion", "content_type": 15, "codename": "view_aportacion"}}, {"model": "auth.permission", "pk": 61, "fields": {"name": "Can add change request", "content_type": 16, "codename": "add_changerequest"}}, {"model": "auth.permission", "pk": 62, "fields": {"name": "Can change change request", "content_type": 16, "codename": "change_changerequest"}}, {"model": "auth.permission", "pk": 63, "fields": {"name": "Can delete change request", "content_type": 16, "codename": "delete_changerequest"}}, {"model": "auth.permission", "pk": 64, "fields": {"name": "Can view change request", "content_type": 16, "codename": "view_changerequest"}}, {"model": "auth.user", "pk": 1, "fields": {"password": "pbkdf2_sha256$216000$W5GqRDkiJKjk$6cpkq2vuuCo0aUPq9UGdtVqjEL/S2OsGaclAiKx2qqY=", "last_login": "2021-03-27T18:23:47.549Z", "is_superuser": true, "username": "admin", "first_name": "", "last_name": "", "email": "", "is_staff": true, "is_active": true, "date_joined": "2021-03-21T12:25:47.564Z", "groups": [], "user_permissions": []}}, {"model": "auth.user", "pk": 2, "fields": {"password": "pbkdf2_sha256$216000$IRRTsI35zccK$pQnzdUEKrOCkghRK6wJIUmgyZlv3X8RZM0UoluE7Jbg=", "last_login": null, "is_superuser": false, "username": "Usuario1", "first_name": "", "last_name": "", "email": "", "is_staff": false, "is_active": true, "date_joined": "2021-03-21T12:26:38.721Z", "groups": [], "user_permissions": []}}, {"model": "auth.user", "pk": 3, "fields": {"password": "pbkdf2_sha256$216000$aZxXNF9vfIyj$JX6J621/FbQlHB/az/odps1ICDh0NSoCKRxnfKmbbJY=", "last_login": null, "is_superuser": false, "username": "Usuario2", "first_name": "", "last_name": "", "email": "", "is_staff": false, "is_active": true, "date_joined": "2021-03-21T12:26:46.440Z", "groups": [], "user_permissions": []}}, {"model": "auth.user", "pk": 4, "fields": {"password": "pbkdf2_sha256$216000$ZAo6w8IAQbMt$Pk/L2WTTVE2BHCigf7B3TLJOsOLjAnUGsx14cH40doI=", "last_login": null, "is_superuser": false, "username": "Usuario3", "first_name": "", "last_name": "", "email": "", "is_staff": false, "is_active": true, "date_joined": "2021-03-21T12:26:53.430Z", "groups": [], "user_permissions": []}}, {"model": "contenttypes.contenttype", "pk": 1, "fields": {"app_label": "admin", "model": "logentry"}}, {"model": "contenttypes.contenttype", "pk": 2, "fields": {"app_label": "auth", "model": "permission"}}, {"model": "contenttypes.contenttype", "pk": 3, "fields": {"app_label": "auth", "model": "group"}}, {"model": "contenttypes.contenttype", "pk": 4, "fields": {"app_label": "auth", "model": "user"}}, {"model": "contenttypes.contenttype", "pk": 5, "fields": {"app_label": "contenttypes", "model": "contenttype"}}, {"model": "contenttypes.contenttype", "pk": 6, "fields": {"app_label": "sessions", "model": "session"}}, {"model": "contenttypes.contenttype", "pk": 7, "fields": {"app_label": "authentication", "model": "dieta"}}, {"model": "contenttypes.contenttype", "pk": 8, "fields": {"app_label": "authentication", "model": "perfil"}}, {"model": "contenttypes.contenttype", "pk": 9, "fields": {"app_label": "product", "model": "ubicacion"}}, {"model": "contenttypes.contenttype", "pk": 10, "fields": {"app_label": "product", "model": "producto"}}, {"model": "contenttypes.contenttype", "pk": 11, "fields": {"app_label": "product", "model": "ubicacionproducto"}}, {"model": "contenttypes.contenttype", "pk": 12, "fields": {"app_label": "product", "model": "causareporte"}}, {"model": "contenttypes.contenttype", "pk": 13, "fields": {"app_label": "product", "model": "reporte"}}, {"model": "contenttypes.contenttype", "pk": 14, "fields": {"app_label": "product", "model": "valoracion"}}, {"model": "contenttypes.contenttype", "pk": 15, "fields": {"app_label": "product", "model": "aportacion"}}, {"model": "contenttypes.contenttype", "pk": 16, "fields": {"app_label": "product", "model": "changerequest"}}, {"model": "sessions.session", "pk": "h1bv7aebqh8qwqxfcb0s2iq7vuc7711s", "fields": {"session_data": ".eJxVjDEOwjAMRe-SGUU4qZvAyM4ZIsd2SQGlUtNOiLtDpQ6w_vfef5lE61LS2nROo5izAXP43TLxQ-sG5E71Nlme6jKP2W6K3Wmz10n0edndv4NCrXxrFs1d4J48huCVQxaJjhgc6AlFAECGDgNxRhwE8Oij5z6SIxc9iXl_AAbqOIE:1lQDb9:AOKlcntcC73m6Ms2cYT3hjLrJhDYd62zFhSK2UGff7o", "expire_date": "2021-04-10T18:23:47.554Z"}}, {"model": "authentication.dieta", "pk": 1, "fields": {"nombre": "Vegano"}}, {"model": "authentication.dieta", "pk": 2, "fields": {"nombre": "Vegetariano"}}, {"model": "authentication.dieta", "pk": 3, "fields": {"nombre": "Gluten"}}, {"model": "authentication.dieta", "pk": 4, "fields": {"nombre": "Lactosa"}}, {"model": "authentication.dieta", "pk": 5, "fields": {"nombre": "Marisco"}}, {"model": "authentication.dieta", "pk": 6, "fields": {"nombre": "Frutos secos"}}, {"model": "authentication.perfil", "pk": 1, "fields": {"user": 1, "dietas": [1, 3]}}, {"model": "authentication.perfil", "pk": 2, "fields": {"user": 2, "dietas": [3]}}, {"model": "authentication.perfil", "pk": 3, "fields": {"user": 3, "dietas": [2, 4]}}, {"model": "authentication.perfil", "pk": 4, "fields": {"user": 4, "dietas": [5, 6]}}, {"model": "product.ubicacion", "pk": 1, "fields": {"nombre": "Carrefour", "latitud": "0.000000", "longitud": "0.000000"}}, {"model": "product.ubicacion", "pk": 2, "fields": {"nombre": "Aldi", "latitud": "0.000000", "longitud": "0.000000"}}, {"model": "product.ubicacion", "pk": 3, "fields": {"nombre": "Dia", "latitud": "0.000000", "longitud": "0.000000"}}, {"model": "product.ubicacion", "pk": 4, "fields": {"nombre": "El Corte Inglés", "latitud": "0.000000", "longitud": "0.000000"}}, {"model": "product.ubicacion", "pk": 5, "fields": {"nombre": "Lidl", "latitud": "0.000000", "longitud": "0.000000"}}, {"model": "product.ubicacion", "pk": 6, "fields": {"nombre": "Mercadona", "latitud": "0.000000", "longitud": "0.000000"}}, {"model": "product.ubicacion", "pk": 7, "fields": {"nombre": "Nueva Era", "latitud": "37.393751", "longitud": "-5.994840"}}, {"model": "product.ubicacion", "pk": 8, "fields": {"nombre": "Covirán", "latitud": "0.000000", "longitud": "0.000000"}}, {"model": "product.ubicacion", "pk": 9, "fields": {"nombre": "Semark", "latitud": "0.000000", "longitud": "0.000000"}}, {"model": "product.ubicacion", "pk": 10, "fields": {"nombre": "Eroski", "latitud": "0.000000", "longitud": "0.000000"}}, {"model": "product.ubicacion", "pk": 11, "fields": {"nombre": "Mas", "latitud": "0.000000", "longitud": "0.000000"}}, {"model": "product.ubicacion", "pk": 12, "fields": {"nombre": "El Jamón", "latitud": "0.000000", "longitud": "0.000000"}}, {"model": "product.ubicacion", "pk": 13, "fields": {"nombre": "Red Verde", "latitud": "37.400538", "longitud": "-5.990465"}}, {"model": "product.ubicacion", "pk": 14, "fields": {"nombre": "A falta de pan", "latitud": "37.400534", "longitud": "-5.992179"}}, {"model": "product.ubicacion", "pk": 15, "fields": {"nombre": "La Cosecha Ecológica", "latitud": "37.392941", "longitud": "-5.987705"}}, {"model": "product.ubicacion", "pk": 16, "fields": {"nombre": "Vegan Place", "latitud": "36.691300", "longitud": "-4.447491"}}, {"model": "product.ubicacion", "pk": 17, "fields": {"nombre": "Ideya Verde", "latitud": "41.633624", "longitud": "-0.875378"}}, {"model": "product.ubicacion", "pk": 18, "fields": {"nombre": "Lo Vegano", "latitud": "39.573362", "longitud": "2.637913"}}, {"model": "product.ubicacion", "pk": 19, "fields": {"nombre": "El Veganito del Charco", "latitud": "28.962552", "longitud": "-13.548955"}}, {"model": "product.ubicacion", "pk": 20, "fields": {"nombre": "Raíces Ecotienda", "latitud": "41.635927", "longitud": "-4.756440"}}, {"model": "product.ubicacion", "pk": 21, "fields": {"nombre": "EcoLógicas", "latitud": "41.644794", "longitud": "-4.702739"}}, {"model": "product.ubicacion", "pk": 22, "fields": {"nombre": "Mutig Shop", "latitud": "41.953741", "longitud": "3.204604"}}, {"model": "product.ubicacion", "pk": 23, "fields": {"nombre": "Vegans Badalona", "latitud": "41.442201", "longitud": "2.224059"}}, {"model": "product.ubicacion", "pk": 24, "fields": {"nombre": "Vegans & Bio Barcelona", "latitud": "41.399142", "longitud": "2.169634"}}, {"model": "product.ubicacion", "pk": 25, "fields": {"nombre": "Vegan Lovers", "latitud": "39.943280", "longitud": "-0.090570"}}, {"model": "product.ubicacion", "pk": 26, "fields": {"nombre": "A Factoría Verde", "latitud": "43.361543", "longitud": "-8.408260"}}, {"model": "product.ubicacion", "pk": 27, "fields": {"nombre": "Alma Vegana", "latitud": "40.356068", "longitud": "-3.813876"}}, {"model": "product.ubicacion", "pk": 28, "fields": {"nombre": "La cesta Sin", "latitud": "40.030019", "longitud": "-3.606390"}}, {"model": "product.ubicacion", "pk": 29, "fields": {"nombre": "Maxico", "latitud": "0.000000", "longitud": "0.000000"}}, {"model": "product.producto", "pk": 1, "fields": {"titulo": "Lasaña vegetariana Carrefour Veggie 600 g.", "descripcion": "Producto congelado\nApto para vegetarianos\nElaborada sin carne, con productos vegetales y trigo\nRico en proteínas", "fecha": "2021-03-27T20:49:39.657Z", "foto": "../pasta.jpg", "precioMedio": "3.10", "estado": "Aceptado", "user": 1, "dietas": [1, 2]}}, {"model": "product.producto", "pk": 2, "fields": {"titulo": "PICADO CARNAL", "descripcion": "Ponle magia a tu comida con este producto bajo en grasas saturadas y sin conservantes. Nuestro Picado Carnal es muy versátil en la cocina, lo puedes disfrutar en muchas elaboraciones y mantendrá su textura firme incluso en salsa. Prueba a darle un toque mágico a tu Lasaña, a tus macarrones a la boloñesa o a tu pizza barbacoa. Haz tus deliciosos platos veganos! Picado Carnal, atrévete a añadir un poco de nuestra magia vegana a tus platos tradicionales!", "fecha": "2021-03-27T20:50:05.099Z", "foto": "../picado_carnal.png", "precioMedio": "4.10", "estado": "Aceptado", "user": 1, "dietas": [3]}}, {"model": "product.producto", "pk": 3, "fields": {"titulo": "Pizza Prosciutto & Funghi", "descripcion": "Pizza de Jamón y Champiñones sin gluten\nUno de los clásicos entre las pizzas y champiñones! Nuestra pizza sin gluten te sorprenderá por su sabor y textura crujiente y suave. ¿Te animas a probarla?", "fecha": "2021-03-27T20:50:31.085Z", "foto": "../pizza.jpg", "precioMedio": "4.15", "estado": "Aceptado", "user": 2, "dietas": [3]}}, {"model": "product.producto", "pk": 4, "fields": {"titulo": "SPECIAL LINE EL CORTE INGLES", "descripcion": "Bio rollo de hamburguesa vegetal con tofu y algas ecológico envase 750 g", "fecha": "2021-03-22T23:07:33.422Z", "foto": "../hamburguesa_vegetal.jpg", "precioMedio": "3.13", "estado": "Aceptado", "user": 3, "dietas": [1]}}, {"model": "product.producto", "pk": 5, "fields": {"titulo": "Leche desnatada sin lactosa Hacendado", "descripcion": "Seis bricks de leche desnatada sin lactosa de la marca Hacendado", "fecha": "2021-03-22T23:07:24.880Z", "foto": "../leche.jpg", "precioMedio": "5.09", "estado": "Aceptado", "user": 3, "dietas": [1, 2, 4]}}, {"model": "product.producto", "pk": 6, "fields": {"titulo": "Pan pueblo sin gluten ecologico - 400 gr - Zealia", "descripcion": "Delicioso pan sin gluten de agricultura ecológico que además es apto para intolerantes a la lactosa y alérgicos a la plv y al huevo. Sin grasas hidrogenadas ni trans, sin OMG, sin colorantes ni conservantes.", "fecha": "2021-03-27T20:50:52.463Z", "foto": "../pan_pueblo.png", "precioMedio": "2.41", "estado": "Aceptado", "user": 3, "dietas": [3]}}, {"model": "product.producto", "pk": 7, "fields": {"titulo": "Salchichas veganas", "descripcion": "Elaboradas a base de proteínas de guisante y aceite de girasol.", "fecha": "2021-03-22T23:08:46.859Z", "foto": "../salchichas_veganas.jpg", "precioMedio": "2.95", "estado": "Aceptado", "user": 1, "dietas": [1, 2, 3, 4, 5, 6]}}, {"model": "product.producto", "pk": 8, "fields": {"titulo": "Hamburguesas de guisantes y espinacas", "descripcion": "Hamburguesas de espinacas de la marca KioEne", "fecha": "2021-03-22T23:08:46.859Z", "foto": "../hamburguesas_guisantes_espinacas.jpg", "precioMedio": "2.40", "estado": "Aceptado", "user": 1, "dietas": [1, 2, 4, 5]}}, {"model": "product.producto", "pk": 9, "fields": {"titulo": "Hamburguesas con berenjena", "descripcion": "Hamburguesas con berenjena de la marca KioEne", "fecha": "2021-03-22T23:08:46.859Z", "foto": "../hamburguesas_berenjena.jpg", "precioMedio": "2.40", "estado": "Aceptado", "user": 1, "dietas": [1, 2, 4, 5]}}, {"model": "product.producto", "pk": 10, "fields": {"titulo": "Chopped vegetariano", "descripcion": "Chopped vegetariano Noel con aceitunas.", "fecha": "2021-03-22T23:08:46.859Z", "foto": "../chopped_vegetariano.jpg", "precioMedio": "2.49", "estado": "Aceptado", "user": 1, "dietas": [2, 3, 4, 5, 6]}}, {"model": "product.producto", "pk": 11, "fields": {"titulo": "Embutido Vegetariano", "descripcion": "Embutidos sin carne de la marca Noel.", "fecha": "2021-03-22T23:08:46.859Z", "foto": "../embutido_vegetariano.jpg", "precioMedio": "1.19", "estado": "Aceptado", "user": 1, "dietas": [2, 3, 4, 5, 6]}}, {"model": "product.producto", "pk": 12, "fields": {"titulo": "Mortadela vegetariana con aceitunas", "descripcion": "Mortadela vegetariana con aceitunas de la marca Noel.", "fecha": "2021-03-22T23:08:46.859Z", "foto": "../mortadela_vegetariana.jpg", "precioMedio": "1.19", "estado": "Aceptado", "user": 1, "dietas": [2, 3, 4, 5, 6]}}, {"model": "product.producto", "pk": 13, "fields": {"titulo": "Tofu", "descripcion": "Tofu del fabricante Frías procede de habas de soja no transgénicas.", "fecha": "2021-03-22T23:08:46.859Z", "foto": "../tofu.jpg", "precioMedio": "2.30", "estado": "Aceptado", "user": 1, "dietas": [1, 2, 3, 4, 5, 6]}}, {"model": "product.producto", "pk": 14, "fields": {"titulo": "Soja texturizada", "descripcion": "La soja texturizada es una fuente altísima de proteínas.", "fecha": "2021-03-22T23:08:46.859Z", "foto": "../soja_texturizada.jpg", "precioMedio": "1.50", "estado": "Aceptado", "user": 1, "dietas": [1, 2, 3, 4, 5, 6]}}, {"model": "product.producto", "pk": 15, "fields": {"titulo": "Seitán", "descripcion": "El seitán es una de las mejores alternativas a la carne para los veganos y vegetarianos.", "fecha": "2021-03-22T23:08:46.859Z", "foto": "../seitan.jpg", "precioMedio": "2.32", "estado": "Aceptado", "user": 1, "dietas": [1, 2, 3, 4, 5]}}, {"model": "product.producto", "pk": 16, "fields": {"titulo": "Bebida de almendras", "descripcion": "Bebida de almendras marca Hacendado", "fecha": "2021-03-27T21:03:33.425Z", "foto": "../bebida_almendras.jpg", "precioMedio": "1.40", "estado": "Aceptado", "user": 1, "dietas": [1, 2, 3, 4, 5]}}, {"model": "product.producto", "pk": 17, "fields": {"titulo": "Croquetas de espinacas", "descripcion": "Croquetas de espinacas marca Hacendado.", "fecha": "2021-03-27T21:02:24.572Z", "foto": "../croquetas_espinacas.jpg", "precioMedio": "1.51", "estado": "Aceptado", "user": 1, "dietas": [1, 2, 4, 5, 6]}}, {"model": "product.producto", "pk": 18, "fields": {"titulo": "Croquetas de setas", "descripcion": "Croquetas de setas marca Hacendado.", "fecha": "2021-03-27T21:02:17.557Z", "foto": "../croquetas_setas.jpg", "precioMedio": "1.51", "estado": "Aceptado", "user": 1, "dietas": [1, 2, 4, 5, 6]}}, {"model": "product.producto", "pk": 19, "fields": {"titulo": "Pizza vegana", "descripcion": "Pizza vegana marca Hacendado.", "fecha": "2021-03-27T21:00:55.004Z", "foto": "../pizza_vegana.jpg", "precioMedio": "2.95", "estado": "Aceptado", "user": 1, "dietas": [1, 2, 3, 4, 5, 6]}}, {"model": "product.producto", "pk": 20, "fields": {"titulo": "Hummus", "descripcion": "Pierre Martinet hummus clásico.", "fecha": "2021-03-22T23:08:46.859Z", "foto": "../hummus.jpg", "precioMedio": "1.75", "estado": "Aceptado", "user": 1, "dietas": [1, 2, 3, 4, 5, 6]}}, {"model": "product.producto", "pk": 21, "fields": {"titulo": "Sopa de quinoa", "descripcion": "Trevijano sopa de quinoa.", "fecha": "2021-03-22T23:08:46.859Z", "foto": "../sopa_quinoa.jpg", "precioMedio": "2.10", "estado": "Aceptado", "user": 1, "dietas": [1, 2, 3, 4, 5, 6]}}, {"model": "product.producto", "pk": 22, "fields": {"titulo": "Picos sin gluten", "descripcion": "Panceliac picos artesanos sin gluten.", "fecha": "2021-03-22T23:08:46.859Z", "foto": "../picos.jpg", "precioMedio": "1.65", "estado": "Aceptado", "user": 1, "dietas": [1, 2, 3, 4, 5, 6]}}, {"model": "product.producto", "pk": 23, "fields": {"titulo": "Fideos sin gluten", "descripcion": "Gallo fideos sin gluten.", "fecha": "2021-03-22T23:08:46.859Z", "foto": "../fideos.jpg", "precioMedio": "1.75", "estado": "Aceptado", "user": 1, "dietas": [1, 2, 3, 4, 5, 6]}}, {"model": "product.producto", "pk": 24, "fields": {"titulo": "Wafers de chocolate", "descripcion": "Proceli wafer chocolate sin gluten", "fecha": "2021-03-22T23:08:46.859Z", "foto": "../wafers_chocolate.jpg", "precioMedio": "3.69", "estado": "Aceptado", "user": 1, "dietas": [3, 5]}}, {"model": "product.producto", "pk": 25, "fields": {"titulo": "Crunchy crumbs", "descripcion": "Esgir Crunchy crumbs rebozado crujiente sin gluten.", "fecha": "2021-03-22T23:08:46.859Z", "foto": "../crunchy_crumbs.jpg", "precioMedio": "1.75", "estado": "Pendiente", "user": 1, "dietas": [1, 2, 3, 4, 5, 6]}}, {"model": "product.producto", "pk": 26, "fields": {"titulo": "Galleta maría sin gluten", "descripcion": "Gullon galleta maría sin gluten.", "fecha": "2021-03-22T23:08:46.859Z", "foto": "../galleta_maria.jpg", "precioMedio": "2.45", "estado": "Pendiente", "user": 1, "dietas": [1, 2, 3, 4, 5, 6]}}, {"model": "product.ubicacionproducto", "pk": 1, "fields": {"producto": 6, "ubicacion": 1, "user": 2, "precio": "4.10"}}, {"model": "product.ubicacionproducto", "pk": 2, "fields": {"producto": 5, "ubicacion": 3, "user": 2, "precio": "2.41"}}, {"model": "product.ubicacionproducto", "pk": 3, "fields": {"producto": 4, "ubicacion": 7, "user": 1, "precio": "3.70"}}, {"model": "product.ubicacionproducto", "pk": 4, "fields": {"producto": 3, "ubicacion": 5, "user": 3, "precio": "2.30"}}, {"model": "product.ubicacionproducto", "pk": 5, "fields": {"producto": 2, "ubicacion": 5, "user": 3, "precio": "5.30"}}, {"model": "product.ubicacionproducto", "pk": 6, "fields": {"producto": 1, "ubicacion": 4, "user": 3, "precio": "12.30"}}, {"model": "product.ubicacionproducto", "pk": 7, "fields": {"producto": 5, "ubicacion": 5, "user": 3, "precio": "3.20"}}, {"model": "product.ubicacionproducto", "pk": 8, "fields": {"producto": 1, "ubicacion": 7, "user": 2, "precio": "2.34"}}, {"model": "product.ubicacionproducto", "pk": 9, "fields": {"producto": 7, "ubicacion": 6, "user": 1, "precio": "2.95"}}, {"model": "product.ubicacionproducto", "pk": 10, "fields": {"producto": 8, "ubicacion": 6, "user": 1, "precio": "2.40"}}, {"model": "product.ubicacionproducto", "pk": 11, "fields": {"producto": 9, "ubicacion": 6, "user": 1, "precio": "2.40"}}, {"model": "product.ubicacionproducto", "pk": 12, "fields": {"producto": 10, "ubicacion": 6, "user": 1, "precio": "2.49"}}, {"model": "product.ubicacionproducto", "pk": 13, "fields": {"producto": 11, "ubicacion": 6, "user": 1, "precio": "1.19"}}, {"model": "product.ubicacionproducto", "pk": 14, "fields": {"producto": 12, "ubicacion": 6, "user": 1, "precio": "1.19"}}, {"model": "product.ubicacionproducto", "pk": 15, "fields": {"producto": 13, "ubicacion": 6, "user": 1, "precio": "2.30"}}, {"model": "product.ubicacionproducto", "pk": 16, "fields": {"producto": 14, "ubicacion": 6, "user": 1, "precio": "1.50"}}, {"model": "product.ubicacionproducto", "pk": 17, "fields": {"producto": 15, "ubicacion": 6, "user": 1, "precio": "2.25"}}, {"model": "product.ubicacionproducto", "pk": 18, "fields": {"producto": 15, "ubicacion": 2, "user": 1, "precio": "2.39"}}, {"model": "product.ubicacionproducto", "pk": 19, "fields": {"producto": 16, "ubicacion": 6, "user": 1, "precio": "1.40"}}, {"model": "product.ubicacionproducto", "pk": 20, "fields": {"producto": 17, "ubicacion": 6, "user": 1, "precio": "1.51"}}, {"model": "product.ubicacionproducto", "pk": 21, "fields": {"producto": 18, "ubicacion": 6, "user": 1, "precio": "1.51"}}, {"model": "product.ubicacionproducto", "pk": 22, "fields": {"producto": 19, "ubicacion": 6, "user": 1, "precio": "2.95"}}, {"model": "product.ubicacionproducto", "pk": 23, "fields": {"producto": 20, "ubicacion": 3, "user": 1, "precio": "1.75"}}, {"model": "product.ubicacionproducto", "pk": 24, "fields": {"producto": 21, "ubicacion": 3, "user": 1, "precio": "2.10"}}, {"model": "product.ubicacionproducto", "pk": 25, "fields": {"producto": 22, "ubicacion": 3, "user": 1, "precio": "1.65"}}, {"model": "product.ubicacionproducto", "pk": 26, "fields": {"producto": 23, "ubicacion": 3, "user": 1, "precio": "1.75"}}, {"model": "product.ubicacionproducto", "pk": 27, "fields": {"producto": 24, "ubicacion": 3, "user": 1, "precio": "3.69"}}, {"model": "product.ubicacionproducto", "pk": 28, "fields": {"producto": 25, "ubicacion": 3, "user": 1, "precio": "1.75"}}, {"model": "product.ubicacionproducto", "pk": 29, "fields": {"producto": 26, "ubicacion": 3, "user": 1, "precio": "2.45"}}, {"model": "product.causareporte", "pk": 1, "fields": {"causa": "Producto repetido"}}, {"model": "product.causareporte", "pk": 2, "fields": {"causa": "Dietas/restricciones incorrectas"}}]
