[{ "model": "auth.permission", "pk": 1, "fields": { "name": "Can add log entry", "content_type": 1, "codename": "add_logentry" } }, { "model": "auth.permission", "pk": 2, "fields": { "name": "Can change log entry", "content_type": 1, "codename": "change_logentry" } }, { "model": "auth.permission", "pk": 3, "fields": { "name": "Can delete log entry", "content_type": 1, "codename": "delete_logentry" } }, { "model": "auth.permission", "pk": 4, "fields": { "name": "Can view log entry", "content_type": 1, "codename": "view_logentry" } }, { "model": "auth.permission", "pk": 5, "fields": { "name": "Can add permission", "content_type": 2, "codename": "add_permission" } }, { "model": "auth.permission", "pk": 6, "fields": { "name": "Can change permission", "content_type": 2, "codename": "change_permission" } }, { "model": "auth.permission", "pk": 7, "fields": { "name": "Can delete permission", "content_type": 2, "codename": "delete_permission" } }, { "model": "auth.permission", "pk": 8, "fields": { "name": "Can view permission", "content_type": 2, "codename": "view_permission" } }, { "model": "auth.permission", "pk": 9, "fields": { "name": "Can add group", "content_type": 3, "codename": "add_group" } }, { "model": "auth.permission", "pk": 10, "fields": { "name": "Can change group", "content_type": 3, "codename": "change_group" } }, { "model": "auth.permission", "pk": 11, "fields": { "name": "Can delete group", "content_type": 3, "codename": "delete_group" } }, { "model": "auth.permission", "pk": 12, "fields": { "name": "Can view group", "content_type": 3, "codename": "view_group" } }, { "model": "auth.permission", "pk": 13, "fields": { "name": "Can add user", "content_type": 4, "codename": "add_user" } }, { "model": "auth.permission", "pk": 14, "fields": { "name": "Can change user", "content_type": 4, "codename": "change_user" } }, { "model": "auth.permission", "pk": 15, "fields": { "name": "Can delete user", "content_type": 4, "codename": "delete_user" } }, { "model": "auth.permission", "pk": 16, "fields": { "name": "Can view user", "content_type": 4, "codename": "view_user" } }, { "model": "auth.permission", "pk": 17, "fields": { "name": "Can add content type", "content_type": 5, "codename": "add_contenttype" } }, { "model": "auth.permission", "pk": 18, "fields": { "name": "Can change content type", "content_type": 5, "codename": "change_contenttype" } }, { "model": "auth.permission", "pk": 19, "fields": { "name": "Can delete content type", "content_type": 5, "codename": "delete_contenttype" } }, { "model": "auth.permission", "pk": 20, "fields": { "name": "Can view content type", "content_type": 5, "codename": "view_contenttype" } }, { "model": "auth.permission", "pk": 21, "fields": { "name": "Can add session", "content_type": 6, "codename": "add_session" } }, { "model": "auth.permission", "pk": 22, "fields": { "name": "Can change session", "content_type": 6, "codename": "change_session" } }, { "model": "auth.permission", "pk": 23, "fields": { "name": "Can delete session", "content_type": 6, "codename": "delete_session" } }, { "model": "auth.permission", "pk": 24, "fields": { "name": "Can view session", "content_type": 6, "codename": "view_session" } }, { "model": "auth.permission", "pk": 25, "fields": { "name": "Can add dieta", "content_type": 7, "codename": "add_dieta" } }, { "model": "auth.permission", "pk": 26, "fields": { "name": "Can change dieta", "content_type": 7, "codename": "change_dieta" } }, { "model": "auth.permission", "pk": 27, "fields": { "name": "Can delete dieta", "content_type": 7, "codename": "delete_dieta" } }, { "model": "auth.permission", "pk": 28, "fields": { "name": "Can view dieta", "content_type": 7, "codename": "view_dieta" } }, { "model": "auth.permission", "pk": 29, "fields": { "name": "Can add perfil", "content_type": 8, "codename": "add_perfil" } }, { "model": "auth.permission", "pk": 30, "fields": { "name": "Can change perfil", "content_type": 8, "codename": "change_perfil" } }, { "model": "auth.permission", "pk": 31, "fields": { "name": "Can delete perfil", "content_type": 8, "codename": "delete_perfil" } }, { "model": "auth.permission", "pk": 32, "fields": { "name": "Can view perfil", "content_type": 8, "codename": "view_perfil" } }, { "model": "auth.permission", "pk": 33, "fields": { "name": "Can add ubicacion", "content_type": 9, "codename": "add_ubicacion" } }, { "model": "auth.permission", "pk": 34, "fields": { "name": "Can change ubicacion", "content_type": 9, "codename": "change_ubicacion" } }, { "model": "auth.permission", "pk": 35, "fields": { "name": "Can delete ubicacion", "content_type": 9, "codename": "delete_ubicacion" } }, { "model": "auth.permission", "pk": 36, "fields": { "name": "Can view ubicacion", "content_type": 9, "codename": "view_ubicacion" } }, { "model": "auth.permission", "pk": 37, "fields": { "name": "Can add producto", "content_type": 10, "codename": "add_producto" } }, { "model": "auth.permission", "pk": 38, "fields": { "name": "Can change producto", "content_type": 10, "codename": "change_producto" } }, { "model": "auth.permission", "pk": 39, "fields": { "name": "Can delete producto", "content_type": 10, "codename": "delete_producto" } }, { "model": "auth.permission", "pk": 40, "fields": { "name": "Can view producto", "content_type": 10, "codename": "view_producto" } }, { "model": "auth.permission", "pk": 41, "fields": { "name": "Can add ubicacion producto", "content_type": 11, "codename": "add_ubicacionproducto" } }, { "model": "auth.permission", "pk": 42, "fields": { "name": "Can change ubicacion producto", "content_type": 11, "codename": "change_ubicacionproducto" } }, { "model": "auth.permission", "pk": 43, "fields": { "name": "Can delete ubicacion producto", "content_type": 11, "codename": "delete_ubicacionproducto" } }, { "model": "auth.permission", "pk": 44, "fields": { "name": "Can view ubicacion producto", "content_type": 11, "codename": "view_ubicacionproducto" } }, { "model": "auth.permission", "pk": 45, "fields": { "name": "Can add causa reporte", "content_type": 12, "codename": "add_causareporte" } }, { "model": "auth.permission", "pk": 46, "fields": { "name": "Can change causa reporte", "content_type": 12, "codename": "change_causareporte" } }, { "model": "auth.permission", "pk": 47, "fields": { "name": "Can delete causa reporte", "content_type": 12, "codename": "delete_causareporte" } }, { "model": "auth.permission", "pk": 48, "fields": { "name": "Can view causa reporte", "content_type": 12, "codename": "view_causareporte" } }, { "model": "auth.permission", "pk": 49, "fields": { "name": "Can add reporte", "content_type": 13, "codename": "add_reporte" } }, { "model": "auth.permission", "pk": 50, "fields": { "name": "Can change reporte", "content_type": 13, "codename": "change_reporte" } }, { "model": "auth.permission", "pk": 51, "fields": { "name": "Can delete reporte", "content_type": 13, "codename": "delete_reporte" } }, { "model": "auth.permission", "pk": 52, "fields": { "name": "Can view reporte", "content_type": 13, "codename": "view_reporte" } }, { "model": "auth.permission", "pk": 53, "fields": { "name": "Can add valoracion", "content_type": 14, "codename": "add_valoracion" } }, { "model": "auth.permission", "pk": 54, "fields": { "name": "Can change valoracion", "content_type": 14, "codename": "change_valoracion" } }, { "model": "auth.permission", "pk": 55, "fields": { "name": "Can delete valoracion", "content_type": 14, "codename": "delete_valoracion" } }, { "model": "auth.permission", "pk": 56, "fields": { "name": "Can view valoracion", "content_type": 14, "codename": "view_valoracion" } }, { "model": "auth.permission", "pk": 57, "fields": { "name": "Can add aportacion", "content_type": 15, "codename": "add_aportacion" } }, { "model": "auth.permission", "pk": 58, "fields": { "name": "Can change aportacion", "content_type": 15, "codename": "change_aportacion" } }, { "model": "auth.permission", "pk": 59, "fields": { "name": "Can delete aportacion", "content_type": 15, "codename": "delete_aportacion" } }, { "model": "auth.permission", "pk": 60, "fields": { "name": "Can view aportacion", "content_type": 15, "codename": "view_aportacion" } }, { "model": "auth.user", "pk": 1, "fields": { "password": "pbkdf2_sha256$216000$W5GqRDkiJKjk$6cpkq2vuuCo0aUPq9UGdtVqjEL/S2OsGaclAiKx2qqY=", "last_login": "2021-04-01T18:07:04.469Z", "is_superuser": true, "username": "admin", "first_name": "Keane", "last_name": "Solomon", "email": "et.commodo@non.com", "is_staff": true, "is_active": true, "date_joined": "2021-03-21T12:25:47Z", "groups": [], "user_permissions": [] } }, { "model": "auth.user", "pk": 2, "fields": { "password": "pbkdf2_sha256$216000$IRRTsI35zccK$pQnzdUEKrOCkghRK6wJIUmgyZlv3X8RZM0UoluE7Jbg=", "last_login": null, "is_superuser": false, "username": "Usuario1", "first_name": "Keefe", "last_name": "Mcclain", "email": "vitae.erat@sit.com", "is_staff": false, "is_active": true, "date_joined": "2021-03-21T12:26:38Z", "groups": [], "user_permissions": [] } }, { "model": "auth.user", "pk": 3, "fields": { "password": "pbkdf2_sha256$216000$aZxXNF9vfIyj$JX6J621/FbQlHB/az/odps1ICDh0NSoCKRxnfKmbbJY=", "last_login": null, "is_superuser": false, "username": "Usuario2", "first_name": "Kellie", "last_name": "Oneil", "email": "est.arcu.ac@utipsum.net", "is_staff": false, "is_active": true, "date_joined": "2021-03-21T12:26:46Z", "groups": [], "user_permissions": [] } }, { "model": "auth.user", "pk": 4, "fields": { "password": "pbkdf2_sha256$216000$ZAo6w8IAQbMt$Pk/L2WTTVE2BHCigf7B3TLJOsOLjAnUGsx14cH40doI=", "last_login": null, "is_superuser": false, "username": "Usuario3", "first_name": "Lani", "last_name": "Ray", "email": "orci.adipiscing@elit.ca", "is_staff": false, "is_active": true, "date_joined": "2021-03-21T12:26:53Z", "groups": [], "user_permissions": [] } }, { "model": "contenttypes.contenttype", "pk": 1, "fields": { "app_label": "admin", "model": "logentry" } }, { "model": "contenttypes.contenttype", "pk": 2, "fields": { "app_label": "auth", "model": "permission" } }, { "model": "contenttypes.contenttype", "pk": 3, "fields": { "app_label": "auth", "model": "group" } }, { "model": "contenttypes.contenttype", "pk": 4, "fields": { "app_label": "auth", "model": "user" } }, { "model": "contenttypes.contenttype", "pk": 5, "fields": { "app_label": "contenttypes", "model": "contenttype" } }, { "model": "contenttypes.contenttype", "pk": 6, "fields": { "app_label": "sessions", "model": "session" } }, { "model": "contenttypes.contenttype", "pk": 7, "fields": { "app_label": "authentication", "model": "dieta" } }, { "model": "contenttypes.contenttype", "pk": 8, "fields": { "app_label": "authentication", "model": "perfil" } }, { "model": "contenttypes.contenttype", "pk": 9, "fields": { "app_label": "product", "model": "ubicacion" } }, { "model": "contenttypes.contenttype", "pk": 10, "fields": { "app_label": "product", "model": "producto" } }, { "model": "contenttypes.contenttype", "pk": 11, "fields": { "app_label": "product", "model": "ubicacionproducto" } }, { "model": "contenttypes.contenttype", "pk": 12, "fields": { "app_label": "product", "model": "causareporte" } }, { "model": "contenttypes.contenttype", "pk": 13, "fields": { "app_label": "product", "model": "reporte" } }, { "model": "contenttypes.contenttype", "pk": 14, "fields": { "app_label": "product", "model": "valoracion" } }, { "model": "contenttypes.contenttype", "pk": 15, "fields": { "app_label": "product", "model": "aportacion" } }, { "model": "authentication.dieta", "pk": 1, "fields": { "nombre": "Vegano" } }, { "model": "authentication.dieta", "pk": 2, "fields": { "nombre": "Vegetariano" } }, { "model": "authentication.dieta", "pk": 3, "fields": { "nombre": "Gluten" } }, { "model": "authentication.dieta", "pk": 4, "fields": { "nombre": "Lactosa" } }, { "model": "authentication.dieta", "pk": 5, "fields": { "nombre": "Marisco" } }, { "model": "authentication.dieta", "pk": 6, "fields": { "nombre": "Frutos secos" } }, { "model": "authentication.perfil", "pk": 1, "fields": { "user": 1, "dietas": [1, 3] } }, { "model": "authentication.perfil", "pk": 2, "fields": { "user": 2, "dietas": [3] } }, { "model": "authentication.perfil", "pk": 3, "fields": { "user": 3, "dietas": [2, 4] } }, { "model": "authentication.perfil", "pk": 4, "fields": { "user": 4, "dietas": [5, 6] } }, { "model": "product.ubicacion", "pk": 1, "fields": { "nombre": "Carrefour", "latitud": "0.000000", "longitud": "0.000000" } }, { "model": "product.ubicacion", "pk": 2, "fields": { "nombre": "Aldi", "latitud": "0.000000", "longitud": "0.000000" } }, { "model": "product.ubicacion", "pk": 3, "fields": { "nombre": "Dia", "latitud": "0.000000", "longitud": "0.000000" } }, { "model": "product.ubicacion", "pk": 4, "fields": { "nombre": "El Corte Inglés", "latitud": "0.000000", "longitud": "0.000000" } }, { "model": "product.ubicacion", "pk": 5, "fields": { "nombre": "Lidl", "latitud": "0.000000", "longitud": "0.000000" } }, { "model": "product.ubicacion", "pk": 6, "fields": { "nombre": "Mercadona", "latitud": "0.000000", "longitud": "0.000000" } }, { "model": "product.ubicacion", "pk": 7, "fields": { "nombre": "Nueva Era", "latitud": "37.393751", "longitud": "-5.994840" } }, { "model": "product.ubicacion", "pk": 8, "fields": { "nombre": "Covirán", "latitud": "0.000000", "longitud": "0.000000" } }, { "model": "product.ubicacion", "pk": 9, "fields": { "nombre": "Semark", "latitud": "0.000000", "longitud": "0.000000" } }, { "model": "product.ubicacion", "pk": 10, "fields": { "nombre": "Eroski", "latitud": "0.000000", "longitud": "0.000000" } }, { "model": "product.ubicacion", "pk": 11, "fields": { "nombre": "Mas", "latitud": "0.000000", "longitud": "0.000000" } }, { "model": "product.ubicacion", "pk": 12, "fields": { "nombre": "El Jamón", "latitud": "0.000000", "longitud": "0.000000" } }, { "model": "product.ubicacion", "pk": 13, "fields": { "nombre": "Red Verde", "latitud": "37.400538", "longitud": "-5.990465" } }, { "model": "product.ubicacion", "pk": 14, "fields": { "nombre": "A falta de pan", "latitud": "37.400534", "longitud": "-5.992179" } }, { "model": "product.ubicacion", "pk": 15, "fields": { "nombre": "La Cosecha Ecológica", "latitud": "37.392941", "longitud": "-5.987705" } }, { "model": "product.ubicacion", "pk": 16, "fields": { "nombre": "Vegan Place", "latitud": "36.691300", "longitud": "-4.447491" } }, { "model": "product.ubicacion", "pk": 17, "fields": { "nombre": "Ideya Verde", "latitud": "41.633624", "longitud": "-0.875378" } }, { "model": "product.ubicacion", "pk": 18, "fields": { "nombre": "Lo Vegano", "latitud": "39.573362", "longitud": "2.637913" } }, { "model": "product.ubicacion", "pk": 19, "fields": { "nombre": "El Veganito del Charco", "latitud": "28.962552", "longitud": "-13.548955" } }, { "model": "product.ubicacion", "pk": 20, "fields": { "nombre": "Raíces Ecotienda", "latitud": "41.635927", "longitud": "-4.756440" } }, { "model": "product.ubicacion", "pk": 21, "fields": { "nombre": "EcoLógicas", "latitud": "41.644794", "longitud": "-4.702739" } }, { "model": "product.ubicacion", "pk": 22, "fields": { "nombre": "Mutig Shop", "latitud": "41.953741", "longitud": "3.204604" } }, { "model": "product.ubicacion", "pk": 23, "fields": { "nombre": "Vegans Badalona", "latitud": "41.442201", "longitud": "2.224059" } }, { "model": "product.ubicacion", "pk": 24, "fields": { "nombre": "Vegans & Bio Barcelona", "latitud": "41.399142", "longitud": "2.169634" } }, { "model": "product.ubicacion", "pk": 25, "fields": { "nombre": "Vegan Lovers", "latitud": "39.943280", "longitud": "-0.090570" } }, { "model": "product.ubicacion", "pk": 26, "fields": { "nombre": "A Factoría Verde", "latitud": "43.361543", "longitud": "-8.408260" } }, { "model": "product.ubicacion", "pk": 27, "fields": { "nombre": "Alma Vegana", "latitud": "40.356068", "longitud": "-3.813876" } }, { "model": "product.ubicacion", "pk": 28, "fields": { "nombre": "La cesta Sin", "latitud": "40.030019", "longitud": "-3.606390" } }, { "model": "product.ubicacion", "pk": 29, "fields": { "nombre": "Maxico", "latitud": "0.000000", "longitud": "0.000000" } }, { "model": "product.ubicacion", "pk": 30, "fields": { "nombre": "Hipercor", "latitud": "0.000000", "longitud": "0.000000" } }, { "model": "product.ubicacion", "pk": 31, "fields": { "nombre": "AlCampo", "latitud": "0.000000", "longitud": "0.000000" } }, { "model": "product.ubicacion", "pk": 32, "fields": { "nombre": "Ahorramás", "latitud": "0.000000", "longitud": "0.000000" } }, { "model": "product.producto", "pk": 1, "fields": { "titulo": "Lasaña vegetariana Carrefour Veggie 600 g.", "descripcion": "Producto congelado\r\nApto para vegetarianos\r\nElaborada sin carne, con productos vegetales y trigo\r\nRico en proteínas", "fecha": "2021-03-31T16:07:27.954Z", "foto": "pasta.jpg", "precioMedio": "3.10", "estado": "Aceptado", "user": 1, "dietas": [1, 2] } }, { "model": "product.producto", "pk": 2, "fields": { "titulo": "PICADO CARNAL", "descripcion": "Ponle magia a tu comida con este producto bajo en grasas saturadas y sin conservantes. Nuestro Picado Carnal es muy versátil en la cocina, lo puedes disfrutar en muchas elaboraciones y mantendrá su textura firme incluso en salsa. Prueba a darle un toque mágico a tu Lasaña, a tus macarrones a la boloñesa o a tu pizza barbacoa. Haz tus deliciosos platos veganos! Picado Carnal, atrévete a añadir un poco de nuestra magia vegana a tus platos tradicionales!", "fecha": "2021-03-27T20:50:05.099Z", "foto": "picado_carnal.png", "precioMedio": "4.10", "estado": "Aceptado", "user": 1, "dietas": [3] } }, { "model": "product.producto", "pk": 3, "fields": { "titulo": "Pizza Prosciutto & Funghi", "descripcion": "Pizza de Jamón y Champiñones sin gluten\nUno de los clásicos entre las pizzas y champiñones! Nuestra pizza sin gluten te sorprenderá por su sabor y textura crujiente y suave. ¿Te animas a probarla?", "fecha": "2021-03-27T20:50:31.085Z", "foto": "pizza.jpg", "precioMedio": "4.15", "estado": "Aceptado", "user": 2, "dietas": [3] } }, { "model": "product.producto", "pk": 4, "fields": { "titulo": "SPECIAL LINE EL CORTE INGLES", "descripcion": "Bio rollo de hamburguesa vegetal con tofu y algas ecológico envase 750 g", "fecha": "2021-03-22T23:07:33.422Z", "foto": "hamburguesa_vegetal.jpg", "precioMedio": "3.13", "estado": "Aceptado", "user": 3, "dietas": [1] } }, { "model": "product.producto", "pk": 5, "fields": { "titulo": "Leche desnatada sin lactosa Hacendado", "descripcion": "Seis bricks de leche desnatada sin lactosa de la marca Hacendado", "fecha": "2021-03-22T23:07:24.880Z", "foto": "leche.jpg", "precioMedio": "5.09", "estado": "Aceptado", "user": 3, "dietas": [1, 2, 4] } }, { "model": "product.producto", "pk": 6, "fields": { "titulo": "Pan pueblo sin gluten ecologico - 400 gr - Zealia", "descripcion": "Delicioso pan sin gluten de agricultura ecológico que además es apto para intolerantes a la lactosa y alérgicos a la plv y al huevo. Sin grasas hidrogenadas ni trans, sin OMG, sin colorantes ni conservantes.", "fecha": "2021-03-27T20:50:52.463Z", "foto": "pan_pueblo.png", "precioMedio": "2.41", "estado": "Aceptado", "user": 3, "dietas": [3] } }, { "model": "product.producto", "pk": 7, "fields": { "titulo": "Salchichas veganas", "descripcion": "Elaboradas a base de proteínas de guisante y aceite de girasol.", "fecha": "2021-03-22T23:08:46.859Z", "foto": "salchichas_veganas.jpg", "precioMedio": "2.95", "estado": "Aceptado", "user": 1, "dietas": [1, 2, 3, 4, 5, 6] } }, { "model": "product.producto", "pk": 8, "fields": { "titulo": "Hamburguesas de guisantes y espinacas", "descripcion": "Hamburguesas de espinacas de la marca KioEne", "fecha": "2021-03-22T23:08:46.859Z", "foto": "hamburguesas_guisantes_espinacas.jpg", "precioMedio": "2.40", "estado": "Aceptado", "user": 1, "dietas": [1, 2, 4, 5] } }, { "model": "product.producto", "pk": 9, "fields": { "titulo": "Hamburguesas con berenjena", "descripcion": "Hamburguesas con berenjena de la marca KioEne", "fecha": "2021-03-22T23:08:46.859Z", "foto": "hamburguesas_berenjena.jpg", "precioMedio": "2.40", "estado": "Aceptado", "user": 1, "dietas": [1, 2, 4, 5] } }, { "model": "product.producto", "pk": 10, "fields": { "titulo": "Chopped vegetariano", "descripcion": "Chopped vegetariano Noel con aceitunas.", "fecha": "2021-03-22T23:08:46.859Z", "foto": "chopped_vegetariano.jpg", "precioMedio": "2.49", "estado": "Aceptado", "user": 1, "dietas": [2, 3, 4, 5, 6] } }, { "model": "product.producto", "pk": 11, "fields": { "titulo": "Embutido Vegetariano", "descripcion": "Embutidos sin carne de la marca Noel.", "fecha": "2021-03-22T23:08:46.859Z", "foto": "embutido_vegetariano.jpg", "precioMedio": "1.19", "estado": "Aceptado", "user": 1, "dietas": [2, 3, 4, 5, 6] } }, { "model": "product.producto", "pk": 12, "fields": { "titulo": "Mortadela vegetariana con aceitunas", "descripcion": "Mortadela vegetariana con aceitunas de la marca Noel.", "fecha": "2021-03-22T23:08:46.859Z", "foto": "mortadela_vegetariana.jpg", "precioMedio": "1.19", "estado": "Aceptado", "user": 1, "dietas": [2, 3, 4, 5, 6] } }, { "model": "product.producto", "pk": 13, "fields": { "titulo": "Tofu", "descripcion": "Tofu del fabricante Frías procede de habas de soja no transgénicas.", "fecha": "2021-03-22T23:08:46.859Z", "foto": "tofu.jpg", "precioMedio": "2.30", "estado": "Aceptado", "user": 1, "dietas": [1, 2, 3, 4, 5, 6] } }, { "model": "product.producto", "pk": 14, "fields": { "titulo": "Soja texturizada", "descripcion": "La soja texturizada es una fuente altísima de proteínas.", "fecha": "2021-03-22T23:08:46.859Z", "foto": "soja_texturizada.jpg", "precioMedio": "1.50", "estado": "Aceptado", "user": 1, "dietas": [1, 2, 3, 4, 5, 6] } }, { "model": "product.producto", "pk": 15, "fields": { "titulo": "Seitán", "descripcion": "El seitán es una de las mejores alternativas a la carne para los veganos y vegetarianos.", "fecha": "2021-03-22T23:08:46.859Z", "foto": "seitan.jpg", "precioMedio": "2.32", "estado": "Aceptado", "user": 1, "dietas": [1, 2, 3, 4, 5] } }, { "model": "product.producto", "pk": 16, "fields": { "titulo": "Bebida de almendras", "descripcion": "Bebida de almendras marca Hacendado", "fecha": "2021-03-27T21:03:33.425Z", "foto": "bebida_almendras.jpg", "precioMedio": "1.40", "estado": "Aceptado", "user": 1, "dietas": [1, 2, 3, 4, 5] } }, { "model": "product.producto", "pk": 17, "fields": { "titulo": "Croquetas de espinacas", "descripcion": "Croquetas de espinacas marca Hacendado.", "fecha": "2021-03-27T21:02:24.572Z", "foto": "croquetas_espinacas.jpg", "precioMedio": "1.51", "estado": "Aceptado", "user": 1, "dietas": [1, 2, 4, 5, 6] } }, { "model": "product.producto", "pk": 18, "fields": { "titulo": "Croquetas de setas", "descripcion": "Croquetas de setas marca Hacendado.", "fecha": "2021-03-27T21:02:17.557Z", "foto": "croquetas_setas.jpg", "precioMedio": "1.51", "estado": "Aceptado", "user": 1, "dietas": [1, 2, 4, 5, 6] } }, { "model": "product.producto", "pk": 19, "fields": { "titulo": "Pizza vegana", "descripcion": "Pizza vegana marca Hacendado.", "fecha": "2021-03-27T21:00:55.004Z", "foto": "pizza_vegana.jpg", "precioMedio": "2.95", "estado": "Aceptado", "user": 1, "dietas": [1, 2, 3, 4, 5, 6] } }, { "model": "product.producto", "pk": 20, "fields": { "titulo": "Hummus", "descripcion": "Pierre Martinet hummus clásico.", "fecha": "2021-03-22T23:08:46.859Z", "foto": "hummus.jpg", "precioMedio": "1.75", "estado": "Aceptado", "user": 1, "dietas": [1, 2, 3, 4, 5, 6] } }, { "model": "product.producto", "pk": 21, "fields": { "titulo": "Sopa de quinoa", "descripcion": "Trevijano sopa de quinoa.", "fecha": "2021-03-22T23:08:46.859Z", "foto": "sopa_quinoa.jpg", "precioMedio": "2.10", "estado": "Aceptado", "user": 1, "dietas": [1, 2, 3, 4, 5, 6] } }, { "model": "product.producto", "pk": 22, "fields": { "titulo": "Picos sin gluten", "descripcion": "Panceliac picos artesanos sin gluten.", "fecha": "2021-03-22T23:08:46.859Z", "foto": "picos.jpg", "precioMedio": "1.65", "estado": "Aceptado", "user": 1, "dietas": [1, 2, 3, 4, 5, 6] } }, { "model": "product.producto", "pk": 23, "fields": { "titulo": "Fideos sin gluten", "descripcion": "Gallo fideos sin gluten.", "fecha": "2021-03-22T23:08:46.859Z", "foto": "fideos.jpg", "precioMedio": "1.75", "estado": "Aceptado", "user": 1, "dietas": [1, 2, 3, 4, 5, 6] } }, { "model": "product.producto", "pk": 24, "fields": { "titulo": "Wafers de chocolate", "descripcion": "Proceli wafer chocolate sin gluten", "fecha": "2021-03-22T23:08:46.859Z", "foto": "wafers_chocolate.jpg", "precioMedio": "3.69", "estado": "Aceptado", "user": 1, "dietas": [3, 5] } }, { "model": "product.producto", "pk": 25, "fields": { "titulo": "Crunchy crumbs", "descripcion": "Esgir Crunchy crumbs rebozado crujiente sin gluten.", "fecha": "2021-03-22T23:08:46.859Z", "foto": "crunchy_crumbs.jpg", "precioMedio": "1.75", "estado": "Pendiente", "user": 2, "dietas": [1, 2, 3, 4, 5, 6] } }, { "model": "product.producto", "pk": 26, "fields": { "titulo": "Galleta maría sin gluten", "descripcion": "Gullon galleta maría sin gluten.", "fecha": "2021-03-22T23:08:46.859Z", "foto": "galleta_maria.jpg", "precioMedio": "2.45", "estado": "Pendiente", "user": 2, "dietas": [1, 2, 3, 4, 5, 6] } }, { "model": "product.producto", "pk": 27, "fields": { "titulo": "Fideos Yakisoba classic", "descripcion": "Los Fideos Yakisoba classi Maggi son aptos para veganos pero contienen palma", "fecha": "2021-03-28T12:22:57.025Z", "foto": "Yakisoba_classic_Maggi.jpg", "precioMedio": "1.52", "estado": "Pendiente", "user": 2, "dietas": [1, 2, 4, 5] } }, { "model": "product.producto", "pk": 28, "fields": { "titulo": "Crema de tofu", "descripcion": "Se podría decir que es un queso fresco vegano, similar al queso crema que se consigue al dejar escurrir en una gasa yogures de soja.", "fecha": "2021-03-28T12:23:09.277Z", "foto": "crema_tofu.jpg", "precioMedio": "2.00", "estado": "Aceptado", "user": 1, "dietas": [1, 2, 3, 4, 5] } }, { "model": "product.producto", "pk": 29, "fields": { "titulo": "Patatas chips sabor pollo al limón", "descripcion": "Patatas chips con sabor a pollo de marca Hacendado.", "fecha": "2021-03-28T12:23:21.760Z", "foto": "patatas_pollo.jpg", "precioMedio": "1.05", "estado": "Aceptado", "user": 1, "dietas": [1, 2, 3, 4, 5, 6] } }, { "model": "product.producto", "pk": 30, "fields": { "titulo": "Masa filo", "descripcion": "Masa filo marca hacendado.", "fecha": "2021-03-28T12:23:31.730Z", "foto": "masa_filo.jpg", "precioMedio": "1.85", "estado": "Aceptado", "user": 1, "dietas": [1, 2, 3, 4, 5, 6] } }, { "model": "product.producto", "pk": 31, "fields": { "titulo": "Natillas de chocolate y coco", "descripcion": "Natillas de chocolate y coco veganas Danet.", "fecha": "2021-03-28T12:23:44.715Z", "foto": "natillas_danet.jpg", "precioMedio": "2.95", "estado": "Aceptado", "user": 1, "dietas": [1, 2, 3, 4, 5, 6] } }, { "model": "product.producto", "pk": 32, "fields": { "titulo": "Queso rallado", "descripcion": "Queso Vegan Feel rallado.", "fecha": "2021-03-28T12:23:55.628Z", "foto": "queso_rallado.jpg", "precioMedio": "2.49", "estado": "Pendiente", "user": 1, "dietas": [1, 2, 3, 4, 5, 6] } }, { "model": "product.producto", "pk": 33, "fields": { "titulo": "Queso en loncha", "descripcion": "Queso vegano Vegan Feel en loncha.", "fecha": "2021-03-28T12:24:09.281Z", "foto": "queso_loncha.jpg", "precioMedio": "3.15", "estado": "Aceptado", "user": 1, "dietas": [1, 2, 3, 4, 5, 6] } }, { "model": "product.producto", "pk": 34, "fields": { "titulo": "Turrón de chocolate", "descripcion": "Turrón de chocolate negro y almendras DOR.", "fecha": "2021-03-28T12:24:19.131Z", "foto": "turron_chocolate.jpg", "precioMedio": "1.99", "estado": "Pendiente", "user": 2, "dietas": [1, 2, 5] } }, { "model": "product.producto", "pk": 35, "fields": { "titulo": "Barquillos de chocolate", "descripcion": "Barquillos de chocolate Hacendado.", "fecha": "2021-03-28T12:24:28.194Z", "foto": "barquillos_chocolate.jpg", "precioMedio": "1.70", "estado": "Pendiente", "user": 2, "dietas": [1, 2, 5] } }, { "model": "product.producto", "pk": 36, "fields": { "titulo": "Peladillas", "descripcion": "Peladillas Hacendado.", "fecha": "2021-03-28T12:24:40.445Z", "foto": "peladillas.jpg", "precioMedio": "1.45", "estado": "Pendiente", "user": 2, "dietas": [1, 2, 4, 5] } }, { "model": "product.producto", "pk": 37, "fields": { "titulo": "Piñones", "descripcion": "Piñones mondados Hacendado.", "fecha": "2021-03-28T12:24:52.003Z", "foto": "piñones.jpg", "precioMedio": "1.55", "estado": "Pendiente", "user": 3, "dietas": [1, 2, 4, 5] } }, { "model": "product.producto", "pk": 38, "fields": { "titulo": "Mazapán de soto", "descripcion": "Mazapán de soto Hacendado.", "fecha": "2021-03-28T12:24:59.697Z", "foto": "mazapan.jpg", "precioMedio": "2.65", "estado": "Aceptado", "user": 3, "dietas": [1, 2, 3, 4, 5] } }, { "model": "product.producto", "pk": 39, "fields": { "titulo": "Figuritas de Mazapán", "descripcion": "Figuritas de mazapán Hacendado.", "fecha": "2021-03-28T12:25:14.506Z", "foto": "figuras_mazapan.jpg", "precioMedio": "1.85", "estado": "Aceptado", "user": 3, "dietas": [1, 2, 3, 4, 5] } }, { "model": "product.producto", "pk": 40, "fields": { "titulo": "Masa quebrada", "descripcion": "Masa fresca quebrada-brisa Hacendado.", "fecha": "2021-03-28T12:25:34.382Z", "foto": "masa_quebrada.jpg", "precioMedio": "2.38", "estado": "Aceptado", "user": 2, "dietas": [1, 2, 3, 5, 6] } }, { "model": "product.producto", "pk": 41, "fields": { "titulo": "Masa para empanadas", "descripcion": "Masa fresca para empanadas Hacendado.", "fecha": "2021-03-28T12:25:44.535Z", "foto": "masa_empanadas.jpg", "precioMedio": "2.38", "estado": "Aceptado", "user": 2, "dietas": [1, 2, 3, 5, 6] } }, { "model": "product.producto", "pk": 42, "fields": { "titulo": "Fideos Yakisoba curry", "descripcion": "Fideos yakisoba curry Maggi. No contienen palma ni ningÀn ingrediente de origen animal.", "fecha": "2021-03-28T12:49:39.810Z", "foto": "Yakisoba_curry_Maggi_qLoTn4C.jpg", "precioMedio": "1.52", "estado": "Aceptado", "user": 1, "dietas": [1, 2, 3, 5, 6] } }, { "model": "product.producto", "pk": 43, "fields": { "titulo": "Sushi", "descripcion": "Sushi vegano Hacendado.", "fecha": "2021-03-30T10:47:34.206Z", "foto": "sushi.jpg", "precioMedio": "4.50", "estado": "Pendiente", "user": 1, "dietas": [1, 2, 3, 6] } }, { "model": "product.producto", "pk": 44, "fields": { "titulo": "Muesli", "descripcion": "Muesli con fruta y frutos secos Hacendado.", "fecha": "2021-03-30T10:52:21.005Z", "foto": "muesli.jpg", "precioMedio": "1.79", "estado": "Aceptado", "user": 1, "dietas": [1, 2, 3, 5] } }, { "model": "product.producto", "pk": 45, "fields": { "titulo": "Masa de pizza", "descripcion": "Masa de pizza fresca Hacendado.", "fecha": "2021-03-30T11:12:32.660Z", "foto": "masa_pizza.jpg", "precioMedio": "2.25", "estado": "Pendiente", "user": 1, "dietas": [1, 2, 3, 4, 5, 6] } }, { "model": "product.producto", "pk": 46, "fields": { "titulo": "Natillas danet", "descripcion": "Natillas Danet de chocolate y coco.", "fecha": "2021-03-30T11:12:32.660Z", "foto": "natillas_chocolate.jpg", "precioMedio": "2.95", "estado": "Aceptado", "user": 2, "dietas": [1, 2, 3, 4, 5, 6] } }, { "model": "product.producto", "pk": 47, "fields": { "titulo": "Tiras veganas", "descripcion": "Tiras estilo americanas veganas Findus.", "fecha": "2021-03-30T11:12:32.660Z", "foto": "tiras.jpg", "precioMedio": "3.99", "estado": "Aceptado", "user": 1, "dietas": [1, 2, 3, 5, 6] } }, { "model": "product.producto", "pk": 48, "fields": { "titulo": "Avena integral", "descripcion": "Avena integral con zanahoria y lentejas Findus.", "fecha": "2021-03-30T11:12:32.660Z", "foto": "avena_integral.jpg", "precioMedio": "3.70", "estado": "Aceptado", "user": 1, "dietas": [1, 2, 3, 4, 5, 6] } }, { "model": "product.producto", "pk": 49, "fields": { "titulo": "Quinoa", "descripcion": "Quinoa con calabaza y guisantes Findus.", "fecha": "2021-03-30T11:12:32.660Z", "foto": "quinoa.jpg", "precioMedio": "3.70", "estado": "Aceptado", "user": 1, "dietas": [1, 2, 3, 4, 5, 6] } }, { "model": "product.producto", "pk": 50, "fields": { "titulo": "Bulgur", "descripcion": "Bulgur con calabacín y garbanzos Findus.", "fecha": "2021-03-31T11:42:21.778Z", "foto": "bulgur.jpg", "precioMedio": "3.60", "estado": "Aceptado", "user": 1, "dietas": [1, 2, 3, 4, 5, 6] } }, { "model": "product.producto", "pk": 51, "fields": { "titulo": "Hamburguesa de kale y quinoa", "descripcion": "Hamburguesas de kale y quinoa veganas Findus.", "fecha": "2021-03-31T15:28:59.385Z", "foto": "hamburguesa.jpg", "precioMedio": "3.50", "estado": "Aceptado", "user": 1, "dietas": [2, 3, 4, 5, 6] } }, { "model": "product.producto", "pk": 52, "fields": { "titulo": "Hamburguesas proteína de guisantes", "descripcion": "Hamburguesas veganas de proteína de guisante Findus.", "fecha": "2021-03-31T11:38:16.072Z", "foto": "hamburguesa_guisante.jpg", "precioMedio": "4.25", "estado": "Aceptado", "user": 1, "dietas": [2, 3, 4, 5, 6] } }, { "model": "product.producto", "pk": 53, "fields": { "titulo": "Nuggets", "descripcion": "Nuggets de proteína de guisante y trigo Findus.", "fecha": "2021-03-30T11:12:32.660Z", "foto": "nuggets.jpg", "precioMedio": "3.99", "estado": "Aceptado", "user": 1, "dietas": [1, 2, 3, 5, 6] } }, { "model": "product.producto", "pk": 54, "fields": { "titulo": "Medallones de boniato y quinoa", "descripcion": "Medallones de boniato y quinoa Findus.", "fecha": "2021-03-31T11:39:30.541Z", "foto": "medallones_boniato.jpg", "precioMedio": "3.30", "estado": "Aceptado", "user": 1, "dietas": [1, 2, 3, 4, 5, 6] } }, { "model": "product.producto", "pk": 55, "fields": { "titulo": "Picadillo", "descripcion": "Picadillo de proteína de guisante Findus.", "fecha": "2021-03-30T11:12:32.660Z", "foto": "picadillo.jpg", "precioMedio": "3.99", "estado": "Aceptado", "user": 1, "dietas": [1, 2, 3, 4, 5, 6] } }, { "model": "product.producto", "pk": 56, "fields": { "titulo": "Tortas de aceite", "descripcion": "Tortas de aceite sin azúcar Inés Rosales.", "fecha": "2021-03-30T11:12:32.660Z", "foto": "tortas_aceite.jpg", "precioMedio": "1.80", "estado": "Aceptado", "user": 1, "dietas": [1, 2, 4, 5, 6] } }, { "model": "product.producto", "pk": 57, "fields": { "titulo": "Tortas de aceite", "descripcion": "Tortas de aceite Inés Rosales.", "fecha": "2021-03-30T11:12:32.660Z", "foto": "tortas_aceite2.jpg", "precioMedio": "1.39", "estado": "Aceptado", "user": 1, "dietas": [1, 2, 4, 5, 6] } }, { "model": "product.producto", "pk": 58, "fields": { "titulo": "Tortas de Anís", "descripcion": "Tortas de Anís marca Hacendado.", "fecha": "2021-03-30T11:12:32.660Z", "foto": "tortas_anis.jpg", "precioMedio": "1.09", "estado": "Aceptado", "user": 1, "dietas": [1, 2, 5, 6] } }, { "model": "product.ubicacionproducto", "pk": 1, "fields": { "producto": 6, "ubicacion": 1, "user": 2, "precio": "4.10" } }, { "model": "product.ubicacionproducto", "pk": 2, "fields": { "producto": 5, "ubicacion": 3, "user": 2, "precio": "2.41" } }, { "model": "product.ubicacionproducto", "pk": 3, "fields": { "producto": 4, "ubicacion": 7, "user": 1, "precio": "3.70" } }, { "model": "product.ubicacionproducto", "pk": 4, "fields": { "producto": 3, "ubicacion": 5, "user": 3, "precio": "2.30" } }, { "model": "product.ubicacionproducto", "pk": 5, "fields": { "producto": 2, "ubicacion": 5, "user": 3, "precio": "5.30" } }, { "model": "product.ubicacionproducto", "pk": 7, "fields": { "producto": 5, "ubicacion": 5, "user": 3, "precio": "3.20" } }, { "model": "product.ubicacionproducto", "pk": 9, "fields": { "producto": 7, "ubicacion": 6, "user": 1, "precio": "2.95" } }, { "model": "product.ubicacionproducto", "pk": 10, "fields": { "producto": 8, "ubicacion": 6, "user": 1, "precio": "2.40" } }, { "model": "product.ubicacionproducto", "pk": 11, "fields": { "producto": 9, "ubicacion": 6, "user": 1, "precio": "2.40" } }, { "model": "product.ubicacionproducto", "pk": 12, "fields": { "producto": 10, "ubicacion": 6, "user": 1, "precio": "2.49" } }, { "model": "product.ubicacionproducto", "pk": 13, "fields": { "producto": 11, "ubicacion": 6, "user": 1, "precio": "1.19" } }, { "model": "product.ubicacionproducto", "pk": 14, "fields": { "producto": 12, "ubicacion": 6, "user": 1, "precio": "1.19" } }, { "model": "product.ubicacionproducto", "pk": 15, "fields": { "producto": 13, "ubicacion": 6, "user": 1, "precio": "2.30" } }, { "model": "product.ubicacionproducto", "pk": 16, "fields": { "producto": 14, "ubicacion": 6, "user": 1, "precio": "1.50" } }, { "model": "product.ubicacionproducto", "pk": 17, "fields": { "producto": 15, "ubicacion": 6, "user": 1, "precio": "2.25" } }, { "model": "product.ubicacionproducto", "pk": 18, "fields": { "producto": 15, "ubicacion": 2, "user": 1, "precio": "2.39" } }, { "model": "product.ubicacionproducto", "pk": 19, "fields": { "producto": 16, "ubicacion": 6, "user": 1, "precio": "1.40" } }, { "model": "product.ubicacionproducto", "pk": 20, "fields": { "producto": 17, "ubicacion": 6, "user": 1, "precio": "1.51" } }, { "model": "product.ubicacionproducto", "pk": 21, "fields": { "producto": 18, "ubicacion": 6, "user": 1, "precio": "1.51" } }, { "model": "product.ubicacionproducto", "pk": 22, "fields": { "producto": 19, "ubicacion": 6, "user": 1, "precio": "2.95" } }, { "model": "product.ubicacionproducto", "pk": 23, "fields": { "producto": 20, "ubicacion": 3, "user": 1, "precio": "1.75" } }, { "model": "product.ubicacionproducto", "pk": 24, "fields": { "producto": 21, "ubicacion": 3, "user": 1, "precio": "2.10" } }, { "model": "product.ubicacionproducto", "pk": 25, "fields": { "producto": 22, "ubicacion": 3, "user": 1, "precio": "1.65" } }, { "model": "product.ubicacionproducto", "pk": 26, "fields": { "producto": 23, "ubicacion": 3, "user": 1, "precio": "1.75" } }, { "model": "product.ubicacionproducto", "pk": 27, "fields": { "producto": 24, "ubicacion": 3, "user": 1, "precio": "3.69" } }, { "model": "product.ubicacionproducto", "pk": 28, "fields": { "producto": 25, "ubicacion": 3, "user": 1, "precio": "1.75" } }, { "model": "product.ubicacionproducto", "pk": 29, "fields": { "producto": 26, "ubicacion": 3, "user": 1, "precio": "2.45" } }, { "model": "product.ubicacionproducto", "pk": 30, "fields": { "producto": 27, "ubicacion": 6, "user": 2, "precio": "1.52" } }, { "model": "product.ubicacionproducto", "pk": 31, "fields": { "producto": 28, "ubicacion": 6, "user": 1, "precio": "2.00" } }, { "model": "product.ubicacionproducto", "pk": 32, "fields": { "producto": 29, "ubicacion": 6, "user": 1, "precio": "1.05" } }, { "model": "product.ubicacionproducto", "pk": 33, "fields": { "producto": 30, "ubicacion": 6, "user": 1, "precio": "1.85" } }, { "model": "product.ubicacionproducto", "pk": 34, "fields": { "producto": 31, "ubicacion": 6, "user": 1, "precio": "2.95" } }, { "model": "product.ubicacionproducto", "pk": 35, "fields": { "producto": 31, "ubicacion": 1, "user": 1, "precio": "2.95" } }, { "model": "product.ubicacionproducto", "pk": 36, "fields": { "producto": 32, "ubicacion": 5, "user": 1, "precio": "2.49" } }, { "model": "product.ubicacionproducto", "pk": 37, "fields": { "producto": 33, "ubicacion": 5, "user": 1, "precio": "2.99" } }, { "model": "product.ubicacionproducto", "pk": 38, "fields": { "producto": 33, "ubicacion": 1, "user": 1, "precio": "2.99" } }, { "model": "product.ubicacionproducto", "pk": 39, "fields": { "producto": 33, "ubicacion": 30, "user": 1, "precio": "3.30" } }, { "model": "product.ubicacionproducto", "pk": 40, "fields": { "producto": 33, "ubicacion": 31, "user": 1, "precio": "3.30" } }, { "model": "product.ubicacionproducto", "pk": 41, "fields": { "producto": 34, "ubicacion": 5, "user": 2, "precio": "1.99" } }, { "model": "product.ubicacionproducto", "pk": 42, "fields": { "producto": 35, "ubicacion": 6, "user": 2, "precio": "1.70" } }, { "model": "product.ubicacionproducto", "pk": 43, "fields": { "producto": 36, "ubicacion": 6, "user": 2, "precio": "1.45" } }, { "model": "product.ubicacionproducto", "pk": 44, "fields": { "producto": 37, "ubicacion": 6, "user": 3, "precio": "1.55" } }, { "model": "product.ubicacionproducto", "pk": 45, "fields": { "producto": 38, "ubicacion": 6, "user": 3, "precio": "2.65" } }, { "model": "product.ubicacionproducto", "pk": 46, "fields": { "producto": 39, "ubicacion": 6, "user": 3, "precio": "1.85" } }, { "model": "product.ubicacionproducto", "pk": 47, "fields": { "producto": 40, "ubicacion": 6, "user": 2, "precio": "2.38" } }, { "model": "product.ubicacionproducto", "pk": 48, "fields": { "producto": 41, "ubicacion": 6, "user": 2, "precio": "2.38" } }, { "model": "product.ubicacionproducto", "pk": 55, "fields": { "producto": 43, "ubicacion": 6, "user": 1, "precio": "4.50" } }, { "model": "product.ubicacionproducto", "pk": 76, "fields": { "producto": 45, "ubicacion": 6, "user": 1, "precio": "2.25" } }, { "model": "product.ubicacionproducto", "pk": 77, "fields": { "producto": 42, "ubicacion": 1, "user": 1, "precio": "1.52" } }, { "model": "product.ubicacionproducto", "pk": 78, "fields": { "producto": 42, "ubicacion": 3, "user": 1, "precio": "1.52" } }, { "model": "product.ubicacionproducto", "pk": 79, "fields": { "producto": 42, "ubicacion": 4, "user": 1, "precio": "1.52" } }, { "model": "product.ubicacionproducto", "pk": 80, "fields": { "producto": 42, "ubicacion": 6, "user": 1, "precio": "1.52" } }, { "model": "product.ubicacionproducto", "pk": 81, "fields": { "producto": 42, "ubicacion": 30, "user": 1, "precio": "1.52" } }, { "model": "product.ubicacionproducto", "pk": 82, "fields": { "producto": 42, "ubicacion": 31, "user": 1, "precio": "1.52" } }, { "model": "product.ubicacionproducto", "pk": 83, "fields": { "producto": 44, "ubicacion": 6, "user": 1, "precio": "1.79" } }, { "model": "product.ubicacionproducto", "pk": 85, "fields": { "producto": 46, "ubicacion": 6, "user": 1, "precio": "2.95" } }, { "model": "product.ubicacionproducto", "pk": 86, "fields": { "producto": 46, "ubicacion": 18, "user": 2, "precio": "1.05" } }, { "model": "product.ubicacionproducto", "pk": 87, "fields": { "producto": 46, "ubicacion": 5, "user": 2, "precio": "1.00" } }, { "model": "product.ubicacionproducto", "pk": 88, "fields": { "producto": 46, "ubicacion": 15, "user": 2, "precio": "2.00" } }, { "model": "product.ubicacionproducto", "pk": 89, "fields": { "producto": 46, "ubicacion": 18, "user": 2, "precio": "2.00" } }, { "model": "product.ubicacionproducto", "pk": 90, "fields": { "producto": 46, "ubicacion": 18, "user": 2, "precio": "1.00" } }, { "model": "product.ubicacionproducto", "pk": 94, "fields": { "producto": 47, "ubicacion": 32, "user": 1, "precio": "3.99" } }, { "model": "product.ubicacionproducto", "pk": 95, "fields": { "producto": 48, "ubicacion": 31, "user": 1, "precio": "3.70" } }, { "model": "product.ubicacionproducto", "pk": 96, "fields": { "producto": 48, "ubicacion": 32, "user": 1, "precio": "3.70" } }, { "model": "product.ubicacionproducto", "pk": 97, "fields": { "producto": 48, "ubicacion": 4, "user": 1, "precio": "3.70" } }, { "model": "product.ubicacionproducto", "pk": 98, "fields": { "producto": 48, "ubicacion": 30, "user": 1, "precio": "3.70" } }, { "model": "product.ubicacionproducto", "pk": 99, "fields": { "producto": 48, "ubicacion": 1, "user": 1, "precio": "3.70" } }, { "model": "product.ubicacionproducto", "pk": 100, "fields": { "producto": 49, "ubicacion": 1, "user": 1, "precio": "3.70" } }, { "model": "product.ubicacionproducto", "pk": 101, "fields": { "producto": 49, "ubicacion": 30, "user": 1, "precio": "3.70" } }, { "model": "product.ubicacionproducto", "pk": 102, "fields": { "producto": 49, "ubicacion": 4, "user": 1, "precio": "3.70" } }, { "model": "product.ubicacionproducto", "pk": 103, "fields": { "producto": 49, "ubicacion": 32, "user": 1, "precio": "3.70" } }, { "model": "product.ubicacionproducto", "pk": 104, "fields": { "producto": 49, "ubicacion": 31, "user": 1, "precio": "3.70" } }, { "model": "product.ubicacionproducto", "pk": 110, "fields": { "producto": 51, "ubicacion": 32, "user": 1, "precio": "3.50" } }, { "model": "product.ubicacionproducto", "pk": 112, "fields": { "producto": 53, "ubicacion": 32, "user": 1, "precio": "3.99" } }, { "model": "product.ubicacionproducto", "pk": 115, "fields": { "producto": 55, "ubicacion": 32, "user": 1, "precio": "3.99" } }, { "model": "product.ubicacionproducto", "pk": 116, "fields": { "producto": 56, "ubicacion": 3, "user": 1, "precio": "1.80" } }, { "model": "product.ubicacionproducto", "pk": 117, "fields": { "producto": 57, "ubicacion": 6, "user": 1, "precio": "1.39" } }, { "model": "product.ubicacionproducto", "pk": 118, "fields": { "producto": 58, "ubicacion": 6, "user": 1, "precio": "1.09" } }, { "model": "product.ubicacionproducto", "pk": 128, "fields": { "producto": 52, "ubicacion": 32, "user": 1, "precio": "4.25" } }, { "model": "product.ubicacionproducto", "pk": 129, "fields": { "producto": 54, "ubicacion": 1, "user": 1, "precio": "3.30" } }, { "model": "product.ubicacionproducto", "pk": 130, "fields": { "producto": 54, "ubicacion": 32, "user": 1, "precio": "3.30" } }, { "model": "product.ubicacionproducto", "pk": 131, "fields": { "producto": 50, "ubicacion": 1, "user": 1, "precio": "3.60" } }, { "model": "product.ubicacionproducto", "pk": 132, "fields": { "producto": 50, "ubicacion": 4, "user": 1, "precio": "3.60" } }, { "model": "product.ubicacionproducto", "pk": 133, "fields": { "producto": 50, "ubicacion": 30, "user": 1, "precio": "3.60" } }, { "model": "product.ubicacionproducto", "pk": 134, "fields": { "producto": 50, "ubicacion": 31, "user": 1, "precio": "3.60" } }, { "model": "product.ubicacionproducto", "pk": 135, "fields": { "producto": 50, "ubicacion": 32, "user": 1, "precio": "3.60" } }, { "model": "product.ubicacionproducto", "pk": 137, "fields": { "producto": 57, "ubicacion": 15, "user": 2, "precio": "1.00" } }, { "model": "product.ubicacionproducto", "pk": 139, "fields": { "producto": 1, "ubicacion": 4, "user": 1, "precio": "3.10" } }, { "model": "product.ubicacionproducto", "pk": 140, "fields": { "producto": 1, "ubicacion": 7, "user": 1, "precio": "3.10" } }, { "model": "product.ubicacionproducto", "pk": 141, "fields": { "producto": 1, "ubicacion": 4, "user": 2, "precio": "1.00" } }, { "model": "product.causareporte", "pk": 1, "fields": { "causa": "Producto repetido" } }, { "model": "product.causareporte", "pk": 2, "fields": { "causa": "Dietas/restricciones incorrectas" } }, { "model": "product.reporte", "pk": 1, "fields": { "causa": "Producto repetido", "producto": 46, "user": 1, "fecha": "2021-03-30T18:16:09.429Z", "comentarios": "Este producto está repetido \"Natillas de chocolate y coco\".", "estado": "Pendiente" } }, { "model": "product.reporte", "pk": 2, "fields": { "causa": "Dietas/restricciones incorrectas", "producto": 51, "user": 1, "fecha": "2021-03-30T18:16:09.429Z", "comentarios": "Este producto es vegano.", "estado": "Pendiente" } }, { "model": "product.reporte", "pk": 3, "fields": { "causa": "Dietas/restricciones incorrectas", "producto": 51, "user": 2, "fecha": "2021-03-30T18:16:09.429Z", "comentarios": "Es apto para veganos.", "estado": "Pendiente" } }, { "model": "product.reporte", "pk": 4, "fields": { "causa": "Dietas/restricciones incorrectas", "producto": 52, "user": 2, "fecha": "2021-03-30T18:16:09.429Z", "comentarios": "Es apto para veganos.", "estado": "Pendiente" } }, { "model": "product.valoracion", "pk": 1, "fields": { "puntuacion": 5, "fecha": "2021-03-31T17:07:27.954Z", "user": 3, "producto": 1 } }, { "model": "product.valoracion", "pk": 2, "fields": { "puntuacion": 4, "fecha": "2021-03-31T17:07:27.954Z", "user": 4, "producto": 2 } }, { "model": "product.valoracion", "pk": 3, "fields": { "puntuacion": 4, "fecha": "2021-03-31T17:07:27.954Z", "user": 3, "producto": 2 } }, { "model": "product.valoracion", "pk": 4, "fields": { "puntuacion": 5, "fecha": "2021-03-31T17:07:27.954Z", "user": 4, "producto": 3 } }, { "model": "product.valoracion", "pk": 5, "fields": { "puntuacion": 3, "fecha": "2021-03-31T17:07:27.954Z", "user": 4, "producto": 4 } }, { "model": "product.valoracion", "pk": 6, "fields": { "puntuacion": 4, "fecha": "2021-03-31T17:07:27.954Z", "user": 3, "producto": 5 } }, { "model": "product.valoracion", "pk": 7, "fields": { "puntuacion": 5, "fecha": "2021-03-31T17:07:27.954Z", "user": 3, "producto": 6 } }, { "model": "product.valoracion", "pk": 8, "fields": { "puntuacion": 5, "fecha": "2021-03-31T17:07:27.954Z", "user": 4, "producto": 6 } }, { "model": "product.valoracion", "pk": 9, "fields": { "puntuacion": 4, "fecha": "2021-03-31T17:07:27.954Z", "user": 3, "producto": 7 } }, { "model": "product.valoracion", "pk": 10, "fields": { "puntuacion": 4, "fecha": "2021-03-31T17:07:27.954Z", "user": 4, "producto": 8 } }, { "model": "product.valoracion", "pk": 11, "fields": { "puntuacion": 4, "fecha": "2021-03-31T17:07:27.954Z", "user": 3, "producto": 9 } }, { "model": "product.valoracion", "pk": 12, "fields": { "puntuacion": 5, "fecha": "2021-03-31T17:07:27.954Z", "user": 4, "producto": 10 } }, { "model": "product.valoracion", "pk": 13, "fields": { "puntuacion": 4, "fecha": "2021-03-31T17:07:27.954Z", "user": 3, "producto": 11 } }, { "model": "product.valoracion", "pk": 14, "fields": { "puntuacion": 4, "fecha": "2021-03-31T17:07:27.954Z", "user": 4, "producto": 12 } }, { "model": "product.valoracion", "pk": 15, "fields": { "puntuacion": 5, "fecha": "2021-03-31T17:07:27.954Z", "user": 3, "producto": 13 } }, { "model": "product.valoracion", "pk": 16, "fields": { "puntuacion": 5, "fecha": "2021-03-31T17:07:27.954Z", "user": 4, "producto": 14 } }, { "model": "product.valoracion", "pk": 17, "fields": { "puntuacion": 5, "fecha": "2021-03-31T17:07:27.954Z", "user": 3, "producto": 14 } }, { "model": "product.valoracion", "pk": 18, "fields": { "puntuacion": 4, "fecha": "2021-03-31T17:07:27.954Z", "user": 3, "producto": 15 } }, { "model": "product.valoracion", "pk": 19, "fields": { "puntuacion": 4, "fecha": "2021-03-31T17:07:27.954Z", "user": 3, "producto": 16 } }, { "model": "product.valoracion", "pk": 20, "fields": { "puntuacion": 4, "fecha": "2021-03-31T17:07:27.954Z", "user": 4, "producto": 17 } }, { "model": "product.valoracion", "pk": 21, "fields": { "puntuacion": 4, "fecha": "2021-03-31T17:07:27.954Z", "user": 3, "producto": 18 } }, { "model": "product.valoracion", "pk": 22, "fields": { "puntuacion": 5, "fecha": "2021-03-31T17:07:27.954Z", "user": 4, "producto": 19 } }, { "model": "product.valoracion", "pk": 23, "fields": { "puntuacion": 5, "fecha": "2021-03-31T17:07:27.954Z", "user": 3, "producto": 20 } }, { "model": "product.valoracion", "pk": 24, "fields": { "puntuacion": 5, "fecha": "2021-03-31T17:07:27.954Z", "user": 4, "producto": 20 } }, { "model": "product.valoracion", "pk": 25, "fields": { "puntuacion": 4, "fecha": "2021-03-31T17:07:27.954Z", "user": 4, "producto": 21 } }, { "model": "product.valoracion", "pk": 26, "fields": { "puntuacion": 5, "fecha": "2021-03-31T17:07:27.954Z", "user": 3, "producto": 22 } }, { "model": "product.valoracion", "pk": 27, "fields": { "puntuacion": 4, "fecha": "2021-03-31T17:07:27.954Z", "user": 1, "producto": 22 } }, { "model": "product.valoracion", "pk": 28, "fields": { "puntuacion": 2, "fecha": "2021-03-31T17:07:27.954Z", "user": 4, "producto": 22 } }, { "model": "product.valoracion", "pk": 29, "fields": { "puntuacion": 4, "fecha": "2021-03-31T17:07:27.954Z", "user": 3, "producto": 23 } }, { "model": "product.valoracion", "pk": 30, "fields": { "puntuacion": 4, "fecha": "2021-03-31T17:07:27.954Z", "user": 4, "producto": 24 } }, { "model": "product.valoracion", "pk": 31, "fields": { "puntuacion": 5, "fecha": "2021-03-31T17:07:27.954Z", "user": 3, "producto": 28 } }, { "model": "product.valoracion", "pk": 32, "fields": { "puntuacion": 4, "fecha": "2021-03-31T17:07:27.954Z", "user": 3, "producto": 29 } }, { "model": "product.valoracion", "pk": 33, "fields": { "puntuacion": 4, "fecha": "2021-03-31T17:07:27.954Z", "user": 4, "producto": 29 } }, { "model": "product.valoracion", "pk": 34, "fields": { "puntuacion": 4, "fecha": "2021-03-31T17:07:27.954Z", "user": 4, "producto": 31 } }, { "model": "product.valoracion", "pk": 35, "fields": { "puntuacion": 4, "fecha": "2021-03-31T17:07:27.954Z", "user": 3, "producto": 33 } }, { "model": "product.valoracion", "pk": 36, "fields": { "puntuacion": 5, "fecha": "2021-03-31T17:07:27.954Z", "user": 4, "producto": 38 } }, { "model": "product.valoracion", "pk": 37, "fields": { "puntuacion": 4, "fecha": "2021-03-31T17:07:27.954Z", "user": 3, "producto": 39 } }, { "model": "product.valoracion", "pk": 38, "fields": { "puntuacion": 4, "fecha": "2021-03-31T17:07:27.954Z", "user": 3, "producto": 42 } }, { "model": "product.valoracion", "pk": 39, "fields": { "puntuacion": 4, "fecha": "2021-03-31T17:07:27.954Z", "user": 4, "producto": 42 } }, { "model": "product.valoracion", "pk": 40, "fields": { "puntuacion": 3, "fecha": "2021-03-31T17:07:27.954Z", "user": 3, "producto": 44 } }, { "model": "product.valoracion", "pk": 41, "fields": { "puntuacion": 4, "fecha": "2021-03-31T17:07:27.954Z", "user": 3, "producto": 46 } }, { "model": "product.valoracion", "pk": 42, "fields": { "puntuacion": 3, "fecha": "2021-03-31T17:07:27.954Z", "user": 1, "producto": 47 } }, { "model": "product.valoracion", "pk": 43, "fields": { "puntuacion": 5, "fecha": "2021-03-31T17:07:27.954Z", "user": 4, "producto": 47 } }, { "model": "product.valoracion", "pk": 44, "fields": { "puntuacion": 4, "fecha": "2021-03-31T17:07:27.954Z", "user": 3, "producto": 47 } }, { "model": "product.valoracion", "pk": 45, "fields": { "puntuacion": 4, "fecha": "2021-03-31T17:07:27.954Z", "user": 4, "producto": 48 } }, { "model": "product.valoracion", "pk": 46, "fields": { "puntuacion": 4, "fecha": "2021-03-31T17:07:27.954Z", "user": 3, "producto": 49 } }, { "model": "product.valoracion", "pk": 47, "fields": { "puntuacion": 5, "fecha": "2021-03-31T17:07:27.954Z", "user": 4, "producto": 49 } }, { "model": "product.valoracion", "pk": 48, "fields": { "puntuacion": 5, "fecha": "2021-03-31T17:07:27.954Z", "user": 3, "producto": 50 } }, { "model": "product.valoracion", "pk": 49, "fields": { "puntuacion": 4, "fecha": "2021-03-31T17:07:27.954Z", "user": 4, "producto": 51 } }, { "model": "product.valoracion", "pk": 50, "fields": { "puntuacion": 4, "fecha": "2021-03-31T17:07:27.954Z", "user": 3, "producto": 51 } }, { "model": "product.valoracion", "pk": 51, "fields": { "puntuacion": 5, "fecha": "2021-03-31T17:07:27.954Z", "user": 4, "producto": 52 } }, { "model": "product.valoracion", "pk": 52, "fields": { "puntuacion": 5, "fecha": "2021-03-31T17:07:27.954Z", "user": 3, "producto": 53 } }, { "model": "product.valoracion", "pk": 53, "fields": { "puntuacion": 4, "fecha": "2021-03-31T17:07:27.954Z", "user": 4, "producto": 53 } }, { "model": "product.valoracion", "pk": 54, "fields": { "puntuacion": 5, "fecha": "2021-03-31T17:07:27.954Z", "user": 3, "producto": 54 } }, { "model": "product.valoracion", "pk": 55, "fields": { "puntuacion": 4, "fecha": "2021-03-31T17:07:27.954Z", "user": 4, "producto": 55 } }, { "model": "product.valoracion", "pk": 56, "fields": { "puntuacion": 4, "fecha": "2021-03-31T17:07:27.954Z", "user": 3, "producto": 56 } }, { "model": "product.valoracion", "pk": 57, "fields": { "puntuacion": 5, "fecha": "2021-03-31T17:07:27.954Z", "user": 3, "producto": 57 } }, { "model": "product.valoracion", "pk": 58, "fields": { "puntuacion": 4, "fecha": "2021-03-31T17:07:27.954Z", "user": 4, "producto": 58 } }, { "model": "product.aportacion", "pk": 1, "fields": { "titulo": "Increíble", "mensaje": "Un sabor increíble. Me encanta.", "fecha": "2021-03-31T17:07:27.954Z", "user": 2, "producto": 1 } }, { "model": "product.aportacion", "pk": 2, "fields": { "titulo": "Me ha gustado mucho", "mensaje": "Me ha gustado mucho la textura, el sabor y el tamaño, ideal para una boloñesa o para una lasaña.", "fecha": "2021-03-31T17:07:27.954Z", "user": 2, "producto": 2 } }, { "model": "product.aportacion", "pk": 3, "fields": { "titulo": "Ideal para recetas", "mensaje": "Carne picada vegetal ideal para múltiples recetas. Yo la probé en lasaña y quedó genial.", "fecha": "2021-03-31T17:07:27.954Z", "user": 3, "producto": 2 } }, { "model": "product.aportacion", "pk": 4, "fields": { "titulo": "Una de las mejores pizzas", "mensaje": "La calidad de la masa es perfecta, una de las mejores pizzas más buenas que he probado.", "fecha": "2021-03-31T17:07:27.954Z", "user": 2, "producto": 3 } }, { "model": "product.aportacion", "pk": 5, "fields": { "titulo": "Buen sabor", "mensaje": "Buen sabor y textura, aunque me lo esperaba mejor.", "fecha": "2021-03-31T17:07:27.954Z", "user": 4, "producto": 4 } }, { "model": "product.aportacion", "pk": 6, "fields": { "titulo": "Bastante calidad", "mensaje": "Es un producto de bastante calidad y tiene muy buen precio.", "fecha": "2021-03-31T17:07:27.954Z", "user": 2, "producto": 5 } }, { "model": "product.aportacion", "pk": 7, "fields": { "titulo": "Buenísimo", "mensaje": "Este pan está buenísimo, después de pasarlo por el tostado, super crujiente. Lo recomiendo para tostadas por la mañana o una cena rápida de una tosta.", "fecha": "2021-03-31T17:07:27.954Z", "user": 3, "producto": 6 } }, { "model": "product.aportacion", "pk": 8, "fields": { "titulo": "El mejor pan", "mensaje": "Este es el mejor pan sin gluten que he probado. Tanto de textura como de sabor. Queda muy crujiente en la tostadora.", "fecha": "2021-03-31T17:07:27.954Z", "user": 4, "producto": 6 } }, { "model": "product.aportacion", "pk": 9, "fields": { "titulo": "Bastante bien", "mensaje": "En general están bastante bien de sabor, y parece como con queso porque son suaves al comerlas.", "fecha": "2021-03-31T17:07:27.954Z", "user": 3, "producto": 7 } }, { "model": "product.aportacion", "pk": 10, "fields": { "titulo": "Muy ricas", "mensaje": "Muy ricas. Suaves y con muy buen sabor.", "fecha": "2021-03-31T17:07:27.954Z", "user": 4, "producto": 8 } }, { "model": "product.aportacion", "pk": 11, "fields": { "titulo": "Buenísimas", "mensaje": "Están buenísimas.", "fecha": "2021-03-31T17:07:27.954Z", "user": 2, "producto": 9 } }, { "model": "product.aportacion", "pk": 12, "fields": { "titulo": "Muy bueno", "mensaje": "Me parece un producto muy bueno y económico.", "fecha": "2021-03-31T17:07:27.954Z", "user": 2, "producto": 10 } }, { "model": "product.aportacion", "pk": 13, "fields": { "titulo": "Buena textura y sabor", "mensaje": "Tiene muy buena textura y sabor. Es muy buena opción sustitutiva.", "fecha": "2021-03-31T17:07:27.954Z", "user": 3, "producto": 11 } }, { "model": "product.aportacion", "pk": 14, "fields": { "titulo": "Buen producto", "mensaje": "Me parece un producto muy bueno.", "fecha": "2021-03-31T17:07:27.954Z", "user": 2, "producto": 12 } }, { "model": "product.aportacion", "pk": 15, "fields": { "titulo": "Muy bueno", "mensaje": "Siempre compro tofu de Mercadona. Lo hago con muchas recetas diferentes. Creo que es un tofu muy bueno y con un precio que merece la pena.", "fecha": "2021-03-31T17:07:27.954Z", "user": 3, "producto": 13 } }, { "model": "product.aportacion", "pk": 16, "fields": { "titulo": "Indispensable", "mensaje": "Es uno de los indispensables, tanto el formato como el tamaño del granulado es perfecto. Perfecto para múltiples platos.", "fecha": "2021-03-31T17:07:27.954Z", "user": 4, "producto": 14 } }, { "model": "product.aportacion", "pk": 17, "fields": { "titulo": "Me gusta mucho", "mensaje": "Me gusta mucho. Se puede freír bien dejándola tostadita y crujiente en unas fajitas y queda buenísimo.", "fecha": "2021-03-31T17:07:27.954Z", "user": 2, "producto": 14 } }, { "model": "product.aportacion", "pk": 18, "fields": { "titulo": "Muy buena opción", "mensaje": "Es muy buena opción, a mi el seitán no es lo que más me gusta pero este está bastante bien hecho y con buen aporte nutritivo.", "fecha": "2021-03-31T17:07:27.954Z", "user": 3, "producto": 15 } }, { "model": "product.aportacion", "pk": 19, "fields": { "titulo": "Buen producto", "mensaje": "Me parece un buen producto para variar un poco y empezar a tomar productos más saludables.", "fecha": "2021-03-31T17:07:27.954Z", "user": 3, "producto": 16 } }, { "model": "product.aportacion", "pk": 20, "fields": { "titulo": "Bastante suave", "mensaje": "Tiene un sabor bastante suave y un buen precio.", "fecha": "2021-03-31T17:07:27.954Z", "user": 4, "producto": 17 } }, { "model": "product.aportacion", "pk": 21, "fields": { "titulo": "Increíbles", "mensaje": "Están increíbles. Comerlas de vez en cuando es un gusto, saben mucho a boletus.", "fecha": "2021-03-31T17:07:27.954Z", "user": 2, "producto": 18 } }, { "model": "product.aportacion", "pk": 22, "fields": { "titulo": "Una de las mejores", "mensaje": "Es una de las mejores pizzas congeladas. Tras su horneado, la masa se queda esponjosa y el queso vegano se funde a la perfección con el resto de ingredientes.", "fecha": "2021-03-31T17:07:27.954Z", "user": 4, "producto": 19 } }, { "model": "product.aportacion", "pk": 23, "fields": { "titulo": "El mejor que he probado", "mensaje": "El mejor que he probado de los hummus de supermercado, lo recomiendo.", "fecha": "2021-03-31T17:07:27.954Z", "user": 3, "producto": 20 } }, { "model": "product.aportacion", "pk": 24, "fields": { "titulo": "Muy bueno", "mensaje": "Está muy bueno. Con un poco de aceite de oliva virgen y pimentón está de muerte.", "fecha": "2021-03-31T17:07:27.954Z", "user": 2, "producto": 20 } }, { "model": "product.aportacion", "pk": 25, "fields": { "titulo": "Me encanta", "mensaje": "Me encanta y además es super fácil de preparar.", "fecha": "2021-03-31T17:07:27.954Z", "user": 2, "producto": 21 } }, { "model": "product.aportacion", "pk": 26, "fields": { "titulo": "Los mejores picos", "mensaje": "Para mí son los mejores picos sin gluten.", "fecha": "2021-03-31T17:07:27.954Z", "user": 3, "producto": 22 } }, { "model": "product.aportacion", "pk": 27, "fields": { "titulo": "Fantástico", "mensaje": "El sabor de estos picos es fantástico y se conservan muy bien.", "fecha": "2021-03-31T17:07:27.954Z", "user": 2, "producto": 22 } }, { "model": "product.aportacion", "pk": 28, "fields": { "titulo": "Muy bueno", "mensaje": "Es un producto muy bueno pero su precio lo arruina.", "fecha": "2021-03-31T17:07:27.954Z", "user": 4, "producto": 22 } }, { "model": "product.aportacion", "pk": 29, "fields": { "titulo": "Buen sabor y textura", "mensaje": "Tienen muy buen sabor y textura, se asemejan a los fideos con gluten.", "fecha": "2021-03-31T17:07:27.954Z", "user": 3, "producto": 23 } }, { "model": "product.aportacion", "pk": 30, "fields": { "titulo": "Muy ricos", "mensaje": "Están muy ricos. Los recomiendo.", "fecha": "2021-03-31T17:07:27.954Z", "user": 4, "producto": 24 } }, { "model": "product.aportacion", "pk": 31, "fields": { "titulo": "Increíble", "mensaje": "Me parece increíble. La recomiendo.", "fecha": "2021-03-31T17:07:27.954Z", "user": 2, "producto": 28 } }, { "model": "product.aportacion", "pk": 32, "fields": { "titulo": "Me encantan", "mensaje": "Me encantan estas papas que saben literal al pollo al limón.", "fecha": "2021-03-31T17:07:27.954Z", "user": 3, "producto": 29 } }, { "model": "product.aportacion", "pk": 33, "fields": { "titulo": "Muy ricas", "mensaje": "Tienen un sabor muy logrado y están muy ricas.", "fecha": "2021-03-31T17:07:27.954Z", "user": 4, "producto": 29 } }, { "model": "product.aportacion", "pk": 34, "fields": { "titulo": "Riquísimas", "mensaje": "Estas natillas están riquísimas.", "fecha": "2021-03-31T17:07:27.954Z", "user": 2, "producto": 31 } }, { "model": "product.aportacion", "pk": 35, "fields": { "titulo": "Buen producto", "mensaje": "La textura y el sabor es muy similar a un queso de vaca, aunque éste se rompe con mayor facilidad, es menos \"flexible\".", "fecha": "2021-03-31T17:07:27.954Z", "user": 3, "producto": 33 } }, { "model": "product.aportacion", "pk": 36, "fields": { "titulo": "Fantástico", "mensaje": "Es un producto fantástico, gusta a toda mi familia.", "fecha": "2021-03-31T17:07:27.954Z", "user": 2, "producto": 38 } }, { "model": "product.aportacion", "pk": 37, "fields": { "titulo": "Muy buenas", "mensaje": "Muy buena textura, calidad y sabor.", "fecha": "2021-03-31T17:07:27.954Z", "user": 3, "producto": 39 } }, { "model": "product.aportacion", "pk": 38, "fields": { "titulo": "Me gusta", "mensaje": "Este es uno de los productos que suelo comer, me gusta el sabor, la textura y la relación precio no está nada mal.", "fecha": "2021-03-31T17:07:27.954Z", "user": 3, "producto": 42 } }, { "model": "product.aportacion", "pk": 39, "fields": { "titulo": "Deliciosos", "mensaje": "No suelo comer mucho este tipo de comida preparada pero estos yakisoba de curry están deliciosos.", "fecha": "2021-03-31T17:07:27.954Z", "user": 4, "producto": 42 } }, { "model": "product.aportacion", "pk": 40, "fields": { "titulo": "Muy bueno", "mensaje": "Muy bueno y económico.", "fecha": "2021-03-31T17:07:27.954Z", "user": 2, "producto": 44 } }, { "model": "product.aportacion", "pk": 41, "fields": { "titulo": "Muy ricas", "mensaje": "Están muy ricas.", "fecha": "2021-03-31T17:07:27.954Z", "user": 3, "producto": 46 } }, { "model": "product.aportacion", "pk": 42, "fields": { "titulo": "Buenas", "mensaje": "Están buenas y son ligeramente picantes.", "fecha": "2021-03-31T17:07:27.954Z", "user": 2, "producto": 47 } }, { "model": "product.aportacion", "pk": 43, "fields": { "titulo": "Me encanta", "mensaje": "A mi familia le encanta este producto, aunque en casa se consumen también salteados de verduras, arroces... Desde luego un 10.", "fecha": "2021-03-31T17:07:27.954Z", "user": 4, "producto": 47 } }, { "model": "product.aportacion", "pk": 44, "fields": { "titulo": "Buen producto", "mensaje": "Es una buena forma de comer fingers sin comer carne.", "fecha": "2021-03-31T17:07:27.954Z", "user": 3, "producto": 47 } }, { "model": "product.aportacion", "pk": 45, "fields": { "titulo": "Nos encanta", "mensaje": "En casa nos encanta a todos y nos saca de más de un apuro.", "fecha": "2021-03-31T17:07:27.954Z", "user": 4, "producto": 48 } }, { "model": "product.aportacion", "pk": 46, "fields": { "titulo": "Muy buenas", "mensaje": "Muy buenas las verduras de findus, lo bueno es que se hacen en un momento.", "fecha": "2021-03-31T17:07:27.954Z", "user": 3, "producto": 49 } }, { "model": "product.aportacion", "pk": 47, "fields": { "titulo": "Exquisito", "mensaje": "Tiene un sabor exquisito, calidad e ingenio en la receta findus.", "fecha": "2021-03-31T17:07:27.954Z", "user": 2, "producto": 49 } }, { "model": "product.aportacion", "pk": 48, "fields": { "titulo": "Super completo", "mensaje": "Es super completo y además está riquísimo.", "fecha": "2021-03-31T17:07:27.954Z", "user": 2, "producto": 50 } }, { "model": "product.aportacion", "pk": 49, "fields": { "titulo": "Muy ricas", "mensaje": "Muy ricas, si bien la textura no me gusta para hamburguesa, las uso como acompañamiento al resto de verduras o patatas.", "fecha": "2021-03-31T17:07:27.954Z", "user": 2, "producto": 51 } }, { "model": "product.aportacion", "pk": 50, "fields": { "titulo": "Buenísimas", "mensaje": "Están buenísimas, sanas y si las acompañas con una ensalada, cena ligera y riquísima.", "fecha": "2021-03-31T17:07:27.954Z", "user": 3, "producto": 51 } }, { "model": "product.aportacion", "pk": 51, "fields": { "titulo": "Exquisitas", "mensaje": "Las compré para probar y preparé una hamburguesa con pan, lechuga, queso... y estaban exquisitas. Y sin carne!", "fecha": "2021-03-31T17:07:27.954Z", "user": 2, "producto": 52 } }, { "model": "product.aportacion", "pk": 52, "fields": { "titulo": "Una de mis comidas favoritas", "mensaje": "Este producto es una de mis comidas favoritas desde que lo probé, está riquísimo y además es más sano que los nuggets normales, adoro.", "fecha": "2021-03-31T17:07:27.954Z", "user": 2, "producto": 53 } }, { "model": "product.aportacion", "pk": 53, "fields": { "titulo": "Deliciosos", "mensaje": "He probado los nuggets, están deliciosos, muy crujientes y nada grasiento.", "fecha": "2021-03-31T17:07:27.954Z", "user": 4, "producto": 53 } }, { "model": "product.aportacion", "pk": 54, "fields": { "titulo": "Producto excelente", "mensaje": "Es un producto excelente, muy buena combinación de sabores. Me gusta lo crujiente que queda. Super saludable. Me encanta.", "fecha": "2021-03-31T17:07:27.954Z", "user": 3, "producto": 54 } }, { "model": "product.aportacion", "pk": 55, "fields": { "titulo": "Delicia", "mensaje": "Es una delicia y está muy sabrosa.", "fecha": "2021-03-31T17:07:27.954Z", "user": 4, "producto": 55 } }, { "model": "product.aportacion", "pk": 56, "fields": { "titulo": "Buenísimas", "mensaje": "Están buenísimas y además son sin azúcar. Las recomiendo.", "fecha": "2021-03-31T17:07:27.954Z", "user": 2, "producto": 56 } }, { "model": "product.aportacion", "pk": 57, "fields": { "titulo": "Producto excepcional", "mensaje": "Es un producto excepcional. Una de las mejores cosas que he comido, con el té de la mañana quedan espectaculares.", "fecha": "2021-03-31T17:07:27.954Z", "user": 3, "producto": 57 } }, { "model": "product.aportacion", "pk": 58, "fields": { "titulo": "Buen producto", "mensaje": "Están muy buenas.", "fecha": "2021-03-31T17:07:27.954Z", "user": 2, "producto": 58 } }]