[{ "model": "auth.permission", "pk": 1, "fields": { "name": "Can add log entry", "content_type": 1, "codename": "add_logentry" } }, { "model": "auth.permission", "pk": 2, "fields": { "name": "Can change log entry", "content_type": 1, "codename": "change_logentry" } }, { "model": "auth.permission", "pk": 3, "fields": { "name": "Can delete log entry", "content_type": 1, "codename": "delete_logentry" } }, { "model": "auth.permission", "pk": 4, "fields": { "name": "Can view log entry", "content_type": 1, "codename": "view_logentry" } }, { "model": "auth.permission", "pk": 5, "fields": { "name": "Can add permission", "content_type": 2, "codename": "add_permission" } }, { "model": "auth.permission", "pk": 6, "fields": { "name": "Can change permission", "content_type": 2, "codename": "change_permission" } }, { "model": "auth.permission", "pk": 7, "fields": { "name": "Can delete permission", "content_type": 2, "codename": "delete_permission" } }, { "model": "auth.permission", "pk": 8, "fields": { "name": "Can view permission", "content_type": 2, "codename": "view_permission" } }, { "model": "auth.permission", "pk": 9, "fields": { "name": "Can add group", "content_type": 3, "codename": "add_group" } }, { "model": "auth.permission", "pk": 10, "fields": { "name": "Can change group", "content_type": 3, "codename": "change_group" } }, { "model": "auth.permission", "pk": 11, "fields": { "name": "Can delete group", "content_type": 3, "codename": "delete_group" } }, { "model": "auth.permission", "pk": 12, "fields": { "name": "Can view group", "content_type": 3, "codename": "view_group" } }, { "model": "auth.permission", "pk": 13, "fields": { "name": "Can add user", "content_type": 4, "codename": "add_user" } }, { "model": "auth.permission", "pk": 14, "fields": { "name": "Can change user", "content_type": 4, "codename": "change_user" } }, { "model": "auth.permission", "pk": 15, "fields": { "name": "Can delete user", "content_type": 4, "codename": "delete_user" } }, { "model": "auth.permission", "pk": 16, "fields": { "name": "Can view user", "content_type": 4, "codename": "view_user" } }, { "model": "auth.permission", "pk": 17, "fields": { "name": "Can add content type", "content_type": 5, "codename": "add_contenttype" } }, { "model": "auth.permission", "pk": 18, "fields": { "name": "Can change content type", "content_type": 5, "codename": "change_contenttype" } }, { "model": "auth.permission", "pk": 19, "fields": { "name": "Can delete content type", "content_type": 5, "codename": "delete_contenttype" } }, { "model": "auth.permission", "pk": 20, "fields": { "name": "Can view content type", "content_type": 5, "codename": "view_contenttype" } }, { "model": "auth.permission", "pk": 21, "fields": { "name": "Can add session", "content_type": 6, "codename": "add_session" } }, { "model": "auth.permission", "pk": 22, "fields": { "name": "Can change session", "content_type": 6, "codename": "change_session" } }, { "model": "auth.permission", "pk": 23, "fields": { "name": "Can delete session", "content_type": 6, "codename": "delete_session" } }, { "model": "auth.permission", "pk": 24, "fields": { "name": "Can view session", "content_type": 6, "codename": "view_session" } }, { "model": "auth.permission", "pk": 25, "fields": { "name": "Can add dieta", "content_type": 7, "codename": "add_dieta" } }, { "model": "auth.permission", "pk": 26, "fields": { "name": "Can change dieta", "content_type": 7, "codename": "change_dieta" } }, { "model": "auth.permission", "pk": 27, "fields": { "name": "Can delete dieta", "content_type": 7, "codename": "delete_dieta" } }, { "model": "auth.permission", "pk": 28, "fields": { "name": "Can view dieta", "content_type": 7, "codename": "view_dieta" } }, { "model": "auth.permission", "pk": 29, "fields": { "name": "Can add perfil", "content_type": 8, "codename": "add_perfil" } }, { "model": "auth.permission", "pk": 30, "fields": { "name": "Can change perfil", "content_type": 8, "codename": "change_perfil" } }, { "model": "auth.permission", "pk": 31, "fields": { "name": "Can delete perfil", "content_type": 8, "codename": "delete_perfil" } }, { "model": "auth.permission", "pk": 32, "fields": { "name": "Can view perfil", "content_type": 8, "codename": "view_perfil" } }, { "model": "auth.permission", "pk": 33, "fields": { "name": "Can add ubicacion", "content_type": 9, "codename": "add_ubicacion" } }, { "model": "auth.permission", "pk": 34, "fields": { "name": "Can change ubicacion", "content_type": 9, "codename": "change_ubicacion" } }, { "model": "auth.permission", "pk": 35, "fields": { "name": "Can delete ubicacion", "content_type": 9, "codename": "delete_ubicacion" } }, { "model": "auth.permission", "pk": 36, "fields": { "name": "Can view ubicacion", "content_type": 9, "codename": "view_ubicacion" } }, { "model": "auth.permission", "pk": 37, "fields": { "name": "Can add producto", "content_type": 10, "codename": "add_producto" } }, { "model": "auth.permission", "pk": 38, "fields": { "name": "Can change producto", "content_type": 10, "codename": "change_producto" } }, { "model": "auth.permission", "pk": 39, "fields": { "name": "Can delete producto", "content_type": 10, "codename": "delete_producto" } }, { "model": "auth.permission", "pk": 40, "fields": { "name": "Can view producto", "content_type": 10, "codename": "view_producto" } }, { "model": "auth.permission", "pk": 41, "fields": { "name": "Can add ubicacion producto", "content_type": 11, "codename": "add_ubicacionproducto" } }, { "model": "auth.permission", "pk": 42, "fields": { "name": "Can change ubicacion producto", "content_type": 11, "codename": "change_ubicacionproducto" } }, { "model": "auth.permission", "pk": 43, "fields": { "name": "Can delete ubicacion producto", "content_type": 11, "codename": "delete_ubicacionproducto" } }, { "model": "auth.permission", "pk": 44, "fields": { "name": "Can view ubicacion producto", "content_type": 11, "codename": "view_ubicacionproducto" } }, { "model": "auth.permission", "pk": 45, "fields": { "name": "Can add causa reporte", "content_type": 12, "codename": "add_causareporte" } }, { "model": "auth.permission", "pk": 46, "fields": { "name": "Can change causa reporte", "content_type": 12, "codename": "change_causareporte" } }, { "model": "auth.permission", "pk": 47, "fields": { "name": "Can delete causa reporte", "content_type": 12, "codename": "delete_causareporte" } }, { "model": "auth.permission", "pk": 48, "fields": { "name": "Can view causa reporte", "content_type": 12, "codename": "view_causareporte" } }, { "model": "auth.permission", "pk": 49, "fields": { "name": "Can add reporte", "content_type": 13, "codename": "add_reporte" } }, { "model": "auth.permission", "pk": 50, "fields": { "name": "Can change reporte", "content_type": 13, "codename": "change_reporte" } }, { "model": "auth.permission", "pk": 51, "fields": { "name": "Can delete reporte", "content_type": 13, "codename": "delete_reporte" } }, { "model": "auth.permission", "pk": 52, "fields": { "name": "Can view reporte", "content_type": 13, "codename": "view_reporte" } }, { "model": "auth.permission", "pk": 53, "fields": { "name": "Can add valoracion", "content_type": 14, "codename": "add_valoracion" } }, { "model": "auth.permission", "pk": 54, "fields": { "name": "Can change valoracion", "content_type": 14, "codename": "change_valoracion" } }, { "model": "auth.permission", "pk": 55, "fields": { "name": "Can delete valoracion", "content_type": 14, "codename": "delete_valoracion" } }, { "model": "auth.permission", "pk": 56, "fields": { "name": "Can view valoracion", "content_type": 14, "codename": "view_valoracion" } }, { "model": "auth.permission", "pk": 57, "fields": { "name": "Can add aportacion", "content_type": 15, "codename": "add_aportacion" } }, { "model": "auth.permission", "pk": 58, "fields": { "name": "Can change aportacion", "content_type": 15, "codename": "change_aportacion" } }, { "model": "auth.permission", "pk": 59, "fields": { "name": "Can delete aportacion", "content_type": 15, "codename": "delete_aportacion" } }, { "model": "auth.permission", "pk": 60, "fields": { "name": "Can view aportacion", "content_type": 15, "codename": "view_aportacion" } }, { "model": "auth.permission", "pk": 61, "fields": { "name": "Can add lista de compra", "content_type": 16, "codename": "add_listadecompra" } }, { "model": "auth.permission", "pk": 62, "fields": { "name": "Can change lista de compra", "content_type": 16, "codename": "change_listadecompra" } }, { "model": "auth.permission", "pk": 63, "fields": { "name": "Can delete lista de compra", "content_type": 16, "codename": "delete_listadecompra" } }, { "model": "auth.permission", "pk": 64, "fields": { "name": "Can view lista de compra", "content_type": 16, "codename": "view_listadecompra" } }, { "model": "auth.permission", "pk": 65, "fields": { "name": "Can add receta", "content_type": 17, "codename": "add_receta" } }, { "model": "auth.permission", "pk": 66, "fields": { "name": "Can change receta", "content_type": 17, "codename": "change_receta" } }, { "model": "auth.permission", "pk": 67, "fields": { "name": "Can delete receta", "content_type": 17, "codename": "delete_receta" } }, { "model": "auth.permission", "pk": 68, "fields": { "name": "Can view receta", "content_type": 17, "codename": "view_receta" } }, { "model": "auth.user", "pk": 1, "fields": { "password": "pbkdf2_sha256$216000$1Okq28iswqxD$x5Rn+u6ve1GOnowhJ8scmEIlapVsrxH4CHOaUT6rK6Q=", "last_login": "2021-04-16T16:05:38.017Z", "is_superuser": true, "username": "admin", "first_name": "Keane", "last_name": "Solomon", "email": "et.commodo@non.com", "is_staff": true, "is_active": true, "date_joined": "2021-03-21T12:25:47Z", "groups": [], "user_permissions": [] } }, { "model": "auth.user", "pk": 2, "fields": { "password": "pbkdf2_sha256$216000$6ELQrkExTyQ1$VaOFwER1D1ZKZebbTk+/+qwa1M+IjUJLH9kjRi1LFLA=", "last_login": "2021-04-16T16:05:38.017Z", "is_superuser": false, "username": "Usuario1", "first_name": "Keefe", "last_name": "Mcclain", "email": "vitae.erat@sit.com", "is_staff": false, "is_active": true, "date_joined": "2021-03-21T12:26:38Z", "groups": [], "user_permissions": [] } }, { "model": "auth.user", "pk": 3, "fields": { "password": "pbkdf2_sha256$216000$xPELJRmdflnR$RPF3OdwGtVf87kMjcE79a/mmlP8Lw7Ov81anIL3rjYg=", "last_login": "2021-04-16T16:05:38.017Z", "is_superuser": false, "username": "Usuario2", "first_name": "Kellie", "last_name": "Oneil", "email": "est.arcu.ac@utipsum.net", "is_staff": false, "is_active": true, "date_joined": "2021-03-21T12:26:46Z", "groups": [], "user_permissions": [] } }, { "model": "auth.user", "pk": 4, "fields": { "password": "pbkdf2_sha256$216000$7eyWJDMmQfZI$FNZyisGVQ5veEWd+PotYey1x3jDjV4geVQVu6i1zXt0=", "last_login": "2021-04-16T16:05:38.017Z", "is_superuser": false, "username": "Usuario3", "first_name": "Lani", "last_name": "Ray", "email": "orci.adipiscing@elit.ca", "is_staff": false, "is_active": true, "date_joined": "2021-03-21T12:26:53Z", "groups": [], "user_permissions": [] } }, { "model": "contenttypes.contenttype", "pk": 1, "fields": { "app_label": "admin", "model": "logentry" } }, { "model": "contenttypes.contenttype", "pk": 2, "fields": { "app_label": "auth", "model": "permission" } }, { "model": "contenttypes.contenttype", "pk": 3, "fields": { "app_label": "auth", "model": "group" } }, { "model": "contenttypes.contenttype", "pk": 4, "fields": { "app_label": "auth", "model": "user" } }, { "model": "contenttypes.contenttype", "pk": 5, "fields": { "app_label": "contenttypes", "model": "contenttype" } }, { "model": "contenttypes.contenttype", "pk": 6, "fields": { "app_label": "sessions", "model": "session" } }, { "model": "contenttypes.contenttype", "pk": 7, "fields": { "app_label": "authentication", "model": "dieta" } }, { "model": "contenttypes.contenttype", "pk": 8, "fields": { "app_label": "authentication", "model": "perfil" } }, { "model": "contenttypes.contenttype", "pk": 9, "fields": { "app_label": "product", "model": "ubicacion" } }, { "model": "contenttypes.contenttype", "pk": 10, "fields": { "app_label": "product", "model": "producto" } }, { "model": "contenttypes.contenttype", "pk": 11, "fields": { "app_label": "product", "model": "ubicacionproducto" } }, { "model": "contenttypes.contenttype", "pk": 12, "fields": { "app_label": "product", "model": "causareporte" } }, { "model": "contenttypes.contenttype", "pk": 13, "fields": { "app_label": "product", "model": "reporte" } }, { "model": "contenttypes.contenttype", "pk": 14, "fields": { "app_label": "product", "model": "valoracion" } }, { "model": "contenttypes.contenttype", "pk": 15, "fields": { "app_label": "product", "model": "aportacion" } }, { "model": "contenttypes.contenttype", "pk": 16, "fields": { "app_label": "shoppingList", "model": "listadecompra" } }, { "model": "contenttypes.contenttype", "pk": 17, "fields": { "app_label": "recipe", "model": "receta" } }, { "model": "sessions.session", "pk": "dctf5d8mc5pucrc7fknosaxeguru0i02", "fields": { "session_data": ".eJxVjEEOwiAQRe_C2hCGMgFcuvcMZGCmUjU0Ke3KeHdt0oVu_3vvv1Siba1p67KkidVZgTr9bpnKQ9oO-E7tNusyt3WZst4VfdCurzPL83K4fweVev3WQsFaIZHo_JCDy5ktiTHoORgsLAg8AqIB58RGAI9k41DiaHIAJ-r9AfMbN8Q:1laqjW:4wvIyisglRp0fPHHoTw2_dZFRiM7gtwdbuFraqZ6F3M", "expire_date": "2021-05-10T02:12:22.207Z" } }, { "model": "authentication.dieta", "pk": 1, "fields": { "nombre": "Vegano", "logo": "img/dieta_vegano.png" } }, { "model": "authentication.dieta", "pk": 2, "fields": { "nombre": "Vegetariano", "logo": "img/dieta_vegetariano.png" } }, { "model": "authentication.dieta", "pk": 3, "fields": { "nombre": "Sin gluten", "logo": "img/dieta_gluten.png" } }, { "model": "authentication.dieta", "pk": 4, "fields": { "nombre": "Sin lactosa", "logo": "img/dieta_lactosa.png" } }, { "model": "authentication.dieta", "pk": 5, "fields": { "nombre": "Sin marisco", "logo": "img/dieta_marisco.png" } }, { "model": "authentication.dieta", "pk": 6, "fields": { "nombre": "Sin frutos secos", "logo": "img/dieta_frutos_secos.png" } }, { "model": "authentication.perfil", "pk": 1, "fields": { "user": 1, "activeAccount": true, "dietas": [1, 3] } }, { "model": "authentication.perfil", "pk": 2, "fields": { "user": 2, "activeAccount": true, "dietas": [3] } }, { "model": "authentication.perfil", "pk": 3, "fields": { "user": 3, "activeAccount": true, "dietas": [2, 4] } }, { "model": "authentication.perfil", "pk": 4, "fields": { "user": 4, "activeAccount": false, "dietas": [5, 6] } }, { "model": "product.ubicacion", "pk": 1, "fields": { "nombre": "Carrefour", "latitud": "0.000000", "longitud": "0.000000" } }, { "model": "product.ubicacion", "pk": 2, "fields": { "nombre": "Aldi", "latitud": "0.000000", "longitud": "0.000000" } }, { "model": "product.ubicacion", "pk": 3, "fields": { "nombre": "Dia", "latitud": "0.000000", "longitud": "0.000000" } }, { "model": "product.ubicacion", "pk": 4, "fields": { "nombre": "El Corte Inglés", "latitud": "0.000000", "longitud": "0.000000" } }, { "model": "product.ubicacion", "pk": 5, "fields": { "nombre": "Lidl", "latitud": "0.000000", "longitud": "0.000000" } }, { "model": "product.ubicacion", "pk": 6, "fields": { "nombre": "Mercadona", "latitud": "0.000000", "longitud": "0.000000" } }, { "model": "product.ubicacion", "pk": 7, "fields": { "nombre": "Nueva Era", "latitud": "37.393751", "longitud": "-5.994840" } }, { "model": "product.ubicacion", "pk": 8, "fields": { "nombre": "Covirán", "latitud": "0.000000", "longitud": "0.000000" } }, { "model": "product.ubicacion", "pk": 9, "fields": { "nombre": "Semark", "latitud": "0.000000", "longitud": "0.000000" } }, { "model": "product.ubicacion", "pk": 10, "fields": { "nombre": "Eroski", "latitud": "0.000000", "longitud": "0.000000" } }, { "model": "product.ubicacion", "pk": 11, "fields": { "nombre": "Mas", "latitud": "0.000000", "longitud": "0.000000" } }, { "model": "product.ubicacion", "pk": 12, "fields": { "nombre": "El Jamón", "latitud": "0.000000", "longitud": "0.000000" } }, { "model": "product.ubicacion", "pk": 13, "fields": { "nombre": "Red Verde", "latitud": "37.400538", "longitud": "-5.990465" } }, { "model": "product.ubicacion", "pk": 14, "fields": { "nombre": "A falta de pan", "latitud": "37.400534", "longitud": "-5.992179" } }, { "model": "product.ubicacion", "pk": 15, "fields": { "nombre": "La Cosecha Ecológica", "latitud": "37.392941", "longitud": "-5.987705" } }, { "model": "product.ubicacion", "pk": 16, "fields": { "nombre": "Vegan Place", "latitud": "36.691300", "longitud": "-4.447491" } }, { "model": "product.ubicacion", "pk": 17, "fields": { "nombre": "Ideya Verde", "latitud": "41.633624", "longitud": "-0.875378" } }, { "model": "product.ubicacion", "pk": 18, "fields": { "nombre": "Lo Vegano", "latitud": "39.573362", "longitud": "2.637913" } }, { "model": "product.ubicacion", "pk": 19, "fields": { "nombre": "El Veganito del Charco", "latitud": "28.962552", "longitud": "-13.548955" } }, { "model": "product.ubicacion", "pk": 20, "fields": { "nombre": "Raíces Ecotienda", "latitud": "41.635927", "longitud": "-4.756440" } }, { "model": "product.ubicacion", "pk": 21, "fields": { "nombre": "EcoLógicas", "latitud": "41.644794", "longitud": "-4.702739" } }, { "model": "product.ubicacion", "pk": 22, "fields": { "nombre": "Mutig Shop", "latitud": "41.953741", "longitud": "3.204604" } }, { "model": "product.ubicacion", "pk": 23, "fields": { "nombre": "Vegans Badalona", "latitud": "41.442201", "longitud": "2.224059" } }, { "model": "product.ubicacion", "pk": 24, "fields": { "nombre": "Vegans & Bio Barcelona", "latitud": "41.399142", "longitud": "2.169634" } }, { "model": "product.ubicacion", "pk": 25, "fields": { "nombre": "Vegan Lovers", "latitud": "39.943280", "longitud": "-0.090570" } }, { "model": "product.ubicacion", "pk": 26, "fields": { "nombre": "A Factoría Verde", "latitud": "43.361543", "longitud": "-8.408260" } }, { "model": "product.ubicacion", "pk": 27, "fields": { "nombre": "Alma Vegana", "latitud": "40.356068", "longitud": "-3.813876" } }, { "model": "product.ubicacion", "pk": 28, "fields": { "nombre": "La cesta Sin", "latitud": "40.030019", "longitud": "-3.606390" } }, { "model": "product.ubicacion", "pk": 29, "fields": { "nombre": "Maxico", "latitud": "0.000000", "longitud": "0.000000" } }, { "model": "product.ubicacion", "pk": 30, "fields": { "nombre": "Hipercor", "latitud": "0.000000", "longitud": "0.000000" } }, { "model": "product.ubicacion", "pk": 31, "fields": { "nombre": "AlCampo", "latitud": "0.000000", "longitud": "0.000000" } }, { "model": "product.ubicacion", "pk": 32, "fields": { "nombre": "Ahorramás", "latitud": "0.000000", "longitud": "0.000000" } }, { "model": "product.producto", "pk": 1, "fields": { "titulo": "Lasaña vegetariana Carrefour Veggie 600 g.", "descripcion": "Producto congelado\r\nApto para vegetarianos\r\nElaborada sin carne, con productos vegetales y trigo\r\nRico en proteínas", "fecha": "2021-03-31T16:07:27.954Z", "foto": "pasta.jpg", "precioMedio": "3.10", "estado": "Aceptado", "user": 1, "dietas": [1, 2] } }, { "model": "product.producto", "pk": 2, "fields": { "titulo": "PICADO CARNAL", "descripcion": "Ponle magia a tu comida con este producto bajo en grasas saturadas y sin conservantes. Nuestro Picado Carnal es muy versátil en la cocina, lo puedes disfrutar en muchas elaboraciones y mantendrá su textura firme incluso en salsa. Prueba a darle un toque mágico a tu Lasaña, a tus macarrones a la boloñesa o a tu pizza barbacoa. Haz tus deliciosos platos veganos! Picado Carnal, atrévete a añadir un poco de nuestra magia vegana a tus platos tradicionales!", "fecha": "2021-04-26T00:38:24.735Z", "foto": "picado_carnal.png", "precioMedio": "4.10", "estado": "Aceptado", "user": 1, "dietas": [1, 2, 3, 4, 5] } }, { "model": "product.producto", "pk": 3, "fields": { "titulo": "Pizza Prosciutto & Funghi", "descripcion": "Pizza de Jamón y Champiñones sin gluten\r\nUno de los clásicos entre las pizzas y champiñones! Nuestra pizza sin gluten te sorprenderá por su sabor y textura crujiente y suave. ¿Te animas a probarla?", "fecha": "2021-04-26T00:36:52.440Z", "foto": "pizza.jpg", "precioMedio": "4.15", "estado": "Aceptado", "user": 2, "dietas": [3, 4, 5, 6] } }, { "model": "product.producto", "pk": 4, "fields": { "titulo": "Special Line El Corte Inglés", "descripcion": "Bio rollo de hamburguesa vegetal con tofu y algas ecológico envase 750 g", "fecha": "2021-04-26T00:34:15.632Z", "foto": "hamburguesa_vegetal.jpg", "precioMedio": "3.13", "estado": "Aceptado", "user": 3, "dietas": [1, 2, 5] } }, { "model": "product.producto", "pk": 5, "fields": { "titulo": "Leche desnatada sin lactosa Hacendado", "descripcion": "Seis bricks de leche desnatada sin lactosa de la marca Hacendado", "fecha": "2021-04-26T00:32:44.512Z", "foto": "leche.jpg", "precioMedio": "5.09", "estado": "Aceptado", "user": 3, "dietas": [2, 3, 4, 5, 6] } }, { "model": "product.producto", "pk": 6, "fields": { "titulo": "Pan pueblo sin gluten ecologico - 400 gr - Zealia", "descripcion": "Delicioso pan sin gluten de agricultura ecológico que además es apto para intolerantes a la lactosa y alérgicos a la plv y al huevo. Sin grasas hidrogenadas ni trans, sin OMG, sin colorantes ni conservantes.", "fecha": "2021-04-26T00:29:13.317Z", "foto": "pan_pueblo.png", "precioMedio": "2.41", "estado": "Aceptado", "user": 3, "dietas": [1, 2, 3, 4, 5, 6] } }, { "model": "product.producto", "pk": 7, "fields": { "titulo": "Salchichas veganas", "descripcion": "Elaboradas a base de proteínas de guisante y aceite de girasol.", "fecha": "2021-03-22T23:08:46.859Z", "foto": "salchichas_veganas.jpg", "precioMedio": "2.95", "estado": "Aceptado", "user": 1, "dietas": [1, 2, 3, 4, 5, 6] } }, { "model": "product.producto", "pk": 8, "fields": { "titulo": "Hamburguesas de guisantes y espinacas", "descripcion": "Hamburguesas de espinacas de la marca KioEne", "fecha": "2021-03-22T23:08:46.859Z", "foto": "hamburguesas_guisantes_espinacas.jpg", "precioMedio": "2.40", "estado": "Aceptado", "user": 1, "dietas": [1, 2, 4, 5] } }, { "model": "product.producto", "pk": 9, "fields": { "titulo": "Hamburguesas con berenjena", "descripcion": "Hamburguesas con berenjena de la marca KioEne", "fecha": "2021-03-22T23:08:46.859Z", "foto": "hamburguesas_berenjena.jpg", "precioMedio": "2.40", "estado": "Aceptado", "user": 1, "dietas": [1, 2, 4, 5] } }, { "model": "product.producto", "pk": 10, "fields": { "titulo": "Chopped vegetariano", "descripcion": "Chopped vegetariano Noel con aceitunas.", "fecha": "2021-03-22T23:08:46.859Z", "foto": "chopped_vegetariano.jpg", "precioMedio": "2.49", "estado": "Aceptado", "user": 1, "dietas": [2, 3, 4, 5, 6] } }, { "model": "product.producto", "pk": 11, "fields": { "titulo": "Embutido Vegetariano", "descripcion": "Embutidos sin carne de la marca Noel.", "fecha": "2021-03-22T23:08:46.859Z", "foto": "embutido_vegetariano.jpg", "precioMedio": "1.19", "estado": "Aceptado", "user": 1, "dietas": [2, 3, 4, 5, 6] } }, { "model": "product.producto", "pk": 12, "fields": { "titulo": "Mortadela vegetariana con aceitunas", "descripcion": "Mortadela vegetariana con aceitunas de la marca Noel.", "fecha": "2021-03-22T23:08:46.859Z", "foto": "mortadela_vegetariana.jpg", "precioMedio": "1.19", "estado": "Aceptado", "user": 1, "dietas": [2, 3, 4, 5, 6] } }, { "model": "product.producto", "pk": 13, "fields": { "titulo": "Tofu", "descripcion": "Tofu del fabricante Frías procede de habas de soja no transgénicas.", "fecha": "2021-03-22T23:08:46.859Z", "foto": "tofu.jpg", "precioMedio": "2.30", "estado": "Aceptado", "user": 1, "dietas": [1, 2, 3, 4, 5, 6] } }, { "model": "product.producto", "pk": 14, "fields": { "titulo": "Soja texturizada", "descripcion": "La soja texturizada es una fuente altísima de proteínas.", "fecha": "2021-03-22T23:08:46.859Z", "foto": "soja_texturizada.jpg", "precioMedio": "1.50", "estado": "Aceptado", "user": 1, "dietas": [1, 2, 3, 4, 5, 6] } }, { "model": "product.producto", "pk": 15, "fields": { "titulo": "Seitán", "descripcion": "El seitán es una de las mejores alternativas a la carne para los veganos y vegetarianos.", "fecha": "2021-04-26T00:24:22.201Z", "foto": "seitan.jpg", "precioMedio": "2.32", "estado": "Aceptado", "user": 1, "dietas": [1, 2, 4, 5] } }, { "model": "product.producto", "pk": 16, "fields": { "titulo": "Bebida de almendras", "descripcion": "Bebida de almendras marca Hacendado", "fecha": "2021-03-27T21:03:33.425Z", "foto": "bebida_almendras.jpg", "precioMedio": "1.40", "estado": "Aceptado", "user": 1, "dietas": [1, 2, 3, 4, 5] } }, { "model": "product.producto", "pk": 17, "fields": { "titulo": "Croquetas de espinacas", "descripcion": "Croquetas de espinacas marca Hacendado.", "fecha": "2021-04-26T00:23:03.744Z", "foto": "croquetas_espinacas.jpg", "precioMedio": "1.51", "estado": "Aceptado", "user": 1, "dietas": [1, 2, 6] } }, { "model": "product.producto", "pk": 18, "fields": { "titulo": "Croquetas de setas", "descripcion": "Croquetas de setas marca Hacendado.", "fecha": "2021-04-26T00:22:35.585Z", "foto": "croquetas_setas.jpg", "precioMedio": "1.51", "estado": "Aceptado", "user": 1, "dietas": [1, 2, 6] } }, { "model": "product.producto", "pk": 19, "fields": { "titulo": "Pizza vegana", "descripcion": "Pizza vegana marca Hacendado.", "fecha": "2021-04-26T00:21:25.167Z", "foto": "pizza_vegana.jpg", "precioMedio": "2.95", "estado": "Aceptado", "user": 1, "dietas": [1, 2, 3, 6] } }, { "model": "product.producto", "pk": 20, "fields": { "titulo": "Hummus", "descripcion": "Pierre Martinet hummus clásico.", "fecha": "2021-03-22T23:08:46.859Z", "foto": "hummus.jpg", "precioMedio": "1.75", "estado": "Aceptado", "user": 1, "dietas": [1, 2, 3, 4, 5, 6] } }, { "model": "product.producto", "pk": 21, "fields": { "titulo": "Sopa de quinoa", "descripcion": "Trevijano sopa de quinoa.", "fecha": "2021-03-22T23:08:46.859Z", "foto": "sopa_quinoa.jpg", "precioMedio": "2.10", "estado": "Aceptado", "user": 1, "dietas": [1, 2, 3, 4, 5, 6] } }, { "model": "product.producto", "pk": 22, "fields": { "titulo": "Picos sin gluten", "descripcion": "Panceliac picos artesanos sin gluten.", "fecha": "2021-03-22T23:08:46.859Z", "foto": "picos.jpg", "precioMedio": "1.65", "estado": "Aceptado", "user": 1, "dietas": [1, 2, 3, 4, 5, 6] } }, { "model": "product.producto", "pk": 23, "fields": { "titulo": "Fideos sin gluten", "descripcion": "Gallo fideos sin gluten.", "fecha": "2021-03-22T23:08:46.859Z", "foto": "fideos.jpg", "precioMedio": "1.75", "estado": "Aceptado", "user": 1, "dietas": [1, 2, 3, 4, 5, 6] } }, { "model": "product.producto", "pk": 24, "fields": { "titulo": "Wafers de chocolate", "descripcion": "Proceli wafer chocolate sin gluten", "fecha": "2021-04-26T00:17:52.382Z", "foto": "wafers_chocolate.jpg", "precioMedio": "3.69", "estado": "Aceptado", "user": 1, "dietas": [2, 3, 5] } }, { "model": "product.producto", "pk": 25, "fields": { "titulo": "Crunchy crumbs", "descripcion": "Esgir Crunchy crumbs rebozado crujiente sin gluten.", "fecha": "2021-03-22T23:08:46.859Z", "foto": "crunchy_crumbs.jpg", "precioMedio": "1.75", "estado": "Pendiente", "user": 2, "dietas": [1, 2, 3, 4, 5, 6] } }, { "model": "product.producto", "pk": 26, "fields": { "titulo": "Galleta maría sin gluten", "descripcion": "Gullon galleta maría sin gluten.", "fecha": "2021-03-22T23:08:46.859Z", "foto": "galleta_maria.jpg", "precioMedio": "2.45", "estado": "Pendiente", "user": 2, "dietas": [1, 2, 3, 4, 5, 6] } }, { "model": "product.producto", "pk": 27, "fields": { "titulo": "Fideos Yakisoba classic", "descripcion": "Los Fideos Yakisoba classi Maggi son aptos para veganos pero contienen palma", "fecha": "2021-03-28T12:22:57.025Z", "foto": "Yakisoba_classic_Maggi.jpg", "precioMedio": "1.52", "estado": "Pendiente", "user": 2, "dietas": [1, 2, 4, 5] } }, { "model": "product.producto", "pk": 28, "fields": { "titulo": "Crema de tofu", "descripcion": "Se podría decir que es un queso fresco vegano, similar al queso crema que se consigue al dejar escurrir en una gasa yogures de soja.", "fecha": "2021-03-28T12:23:09.277Z", "foto": "crema_tofu.jpg", "precioMedio": "2.00", "estado": "Aceptado", "user": 1, "dietas": [1, 2, 3, 4, 5] } }, { "model": "product.producto", "pk": 29, "fields": { "titulo": "Patatas chips sabor pollo al limón", "descripcion": "Patatas chips con sabor a pollo de marca Hacendado.", "fecha": "2021-03-28T12:23:21.760Z", "foto": "patatas_pollo.jpg", "precioMedio": "1.05", "estado": "Aceptado", "user": 1, "dietas": [1, 2, 3, 4, 5, 6] } }, { "model": "product.producto", "pk": 30, "fields": { "titulo": "Masa filo", "descripcion": "Masa filo marca hacendado.", "fecha": "2021-04-26T00:12:48.820Z", "foto": "masa_filo.jpg", "precioMedio": "1.85", "estado": "Aceptado", "user": 1, "dietas": [1, 2, 4, 5, 6] } }, { "model": "product.producto", "pk": 31, "fields": { "titulo": "Natillas de chocolate y coco", "descripcion": "Natillas de chocolate y coco veganas Danet.", "fecha": "2021-04-26T00:11:49.962Z", "foto": "natillas_danet.jpg", "precioMedio": "2.95", "estado": "Aceptado", "user": 1, "dietas": [1, 2, 3, 5] } }, { "model": "product.producto", "pk": 32, "fields": { "titulo": "Queso rallado", "descripcion": "Queso Vegan Feel rallado.", "fecha": "2021-03-28T12:23:55.628Z", "foto": "queso_rallado.jpg", "precioMedio": "2.49", "estado": "Aceptado", "user": 1, "dietas": [1, 2, 3, 4, 5, 6] } }, { "model": "product.producto", "pk": 33, "fields": { "titulo": "Queso en loncha", "descripcion": "Queso vegano Vegan Feel en loncha.", "fecha": "2021-03-28T12:24:09.281Z", "foto": "queso_loncha.jpg", "precioMedio": "3.15", "estado": "Aceptado", "user": 1, "dietas": [1, 2, 3, 4, 5, 6] } }, { "model": "product.producto", "pk": 34, "fields": { "titulo": "Turrón de chocolate", "descripcion": "Turrón de chocolate negro y almendras DOR.", "fecha": "2021-03-28T12:24:19.131Z", "foto": "turron_chocolate.jpg", "precioMedio": "1.99", "estado": "Pendiente", "user": 2, "dietas": [1, 2, 5] } }, { "model": "product.producto", "pk": 35, "fields": { "titulo": "Barquillos de chocolate", "descripcion": "Barquillos de chocolate Hacendado.", "fecha": "2021-03-28T12:24:28.194Z", "foto": "barquillos_chocolate.jpg", "precioMedio": "1.70", "estado": "Pendiente", "user": 2, "dietas": [1, 2, 5] } }, { "model": "product.producto", "pk": 36, "fields": { "titulo": "Peladillas", "descripcion": "Peladillas Hacendado.", "fecha": "2021-03-28T12:24:40.445Z", "foto": "peladillas.jpg", "precioMedio": "1.45", "estado": "Pendiente", "user": 2, "dietas": [1, 2, 4, 5] } }, { "model": "product.producto", "pk": 37, "fields": { "titulo": "Piñones", "descripcion": "Piñones mondados Hacendado.", "fecha": "2021-03-28T12:24:52.003Z", "foto": "piñones.jpg", "precioMedio": "1.55", "estado": "Pendiente", "user": 3, "dietas": [1, 2, 4, 5] } }, { "model": "product.producto", "pk": 38, "fields": { "titulo": "Mazapán de soto", "descripcion": "Mazapán de soto Hacendado.", "fecha": "2021-03-28T12:24:59.697Z", "foto": "mazapan.jpg", "precioMedio": "2.65", "estado": "Aceptado", "user": 3, "dietas": [1, 2, 3, 4, 5] } }, { "model": "product.producto", "pk": 39, "fields": { "titulo": "Figuritas de Mazapán", "descripcion": "Figuritas de mazapán Hacendado.", "fecha": "2021-03-28T12:25:14.506Z", "foto": "figuras_mazapan.jpg", "precioMedio": "1.85", "estado": "Aceptado", "user": 3, "dietas": [1, 2, 3, 4, 5] } }, { "model": "product.producto", "pk": 40, "fields": { "titulo": "Masa quebrada", "descripcion": "Masa fresca quebrada-brisa Hacendado.", "fecha": "2021-04-26T00:05:43.126Z", "foto": "masa_quebrada.jpg", "precioMedio": "2.38", "estado": "Aceptado", "user": 2, "dietas": [1, 2, 5, 6] } }, { "model": "product.producto", "pk": 41, "fields": { "titulo": "Masa para empanadas", "descripcion": "Masa fresca para empanadas Hacendado.", "fecha": "2021-04-26T00:05:23.030Z", "foto": "masa_empanadas.jpg", "precioMedio": "2.38", "estado": "Aceptado", "user": 2, "dietas": [1, 2, 5, 6] } }, { "model": "product.producto", "pk": 42, "fields": { "titulo": "Fideos Yakisoba curry", "descripcion": "Fideos yakisoba curry Maggi. No contienen palma ni ningún ingrediente de origen animal.", "fecha": "2021-03-28T12:49:39.810Z", "foto": "Yakisoba_curry_Maggi_qLoTn4C.jpg", "precioMedio": "1.52", "estado": "Aceptado", "user": 1, "dietas": [1, 2, 3, 5, 6] } }, { "model": "product.producto", "pk": 43, "fields": { "titulo": "Sushi", "descripcion": "Sushi vegano Hacendado.", "fecha": "2021-03-30T10:47:34.206Z", "foto": "sushi.jpg", "precioMedio": "4.50", "estado": "Pendiente", "user": 1, "dietas": [1, 2, 3, 6] } }, { "model": "product.producto", "pk": 44, "fields": { "titulo": "Muesli", "descripcion": "Muesli con fruta y frutos secos Hacendado.", "fecha": "2021-04-26T00:02:28.527Z", "foto": "muesli.jpg", "precioMedio": "1.79", "estado": "Aceptado", "user": 1, "dietas": [1, 2, 5] } }, { "model": "product.producto", "pk": 45, "fields": { "titulo": "Masa de pizza", "descripcion": "Masa de pizza fresca Hacendado.", "fecha": "2021-04-26T00:01:03.568Z", "foto": "masa_pizza.jpg", "precioMedio": "2.25", "estado": "Aceptado", "user": 1, "dietas": [1, 2, 4, 5, 6] } }, { "model": "product.producto", "pk": 46, "fields": { "titulo": "Natillas danet", "descripcion": "Natillas Danet de chocolate y coco.", "fecha": "2021-04-25T23:59:44.297Z", "foto": "natillas_chocolate.jpg", "precioMedio": "2.95", "estado": "Aceptado", "user": 2, "dietas": [1, 2, 3, 5] } }, { "model": "product.producto", "pk": 47, "fields": { "titulo": "Tiras veganas", "descripcion": "Tiras estilo americanas veganas Findus.", "fecha": "2021-04-25T23:58:05.178Z", "foto": "tiras.jpg", "precioMedio": "3.99", "estado": "Aceptado", "user": 1, "dietas": [1, 2, 4, 5, 6] } }, { "model": "product.producto", "pk": 48, "fields": { "titulo": "Avena integral", "descripcion": "Avena integral con zanahoria y lentejas Findus.", "fecha": "2021-04-25T23:57:12.596Z", "foto": "avena_integral.jpg", "precioMedio": "3.70", "estado": "Aceptado", "user": 1, "dietas": [1, 2, 4, 5, 6] } }, { "model": "product.producto", "pk": 49, "fields": { "titulo": "Quinoa", "descripcion": "Quinoa con calabaza y guisantes Findus.", "fecha": "2021-04-25T23:56:38.786Z", "foto": "quinoa.jpg", "precioMedio": "3.70", "estado": "Aceptado", "user": 1, "dietas": [1, 2, 4, 5, 6] } }, { "model": "product.producto", "pk": 50, "fields": { "titulo": "Bulgur", "descripcion": "Bulgur con calabacín y garbanzos Findus.", "fecha": "2021-04-25T23:55:54.288Z", "foto": "bulgur.jpg", "precioMedio": "3.60", "estado": "Aceptado", "user": 1, "dietas": [1, 2, 4, 5, 6] } }, { "model": "product.producto", "pk": 51, "fields": { "titulo": "Hamburguesa de kale y quinoa", "descripcion": "Hamburguesas de kale y quinoa veganas Findus.", "fecha": "2021-04-25T23:55:13.920Z", "foto": "hamburguesa.jpg", "precioMedio": "3.50", "estado": "Aceptado", "user": 1, "dietas": [2, 4, 5, 6] } }, { "model": "product.producto", "pk": 52, "fields": { "titulo": "Hamburguesas proteína de guisantes", "descripcion": "Hamburguesas veganas de proteína de guisante Findus.", "fecha": "2021-04-25T23:54:34.019Z", "foto": "hamburguesa_guisante.jpg", "precioMedio": "4.25", "estado": "Aceptado", "user": 1, "dietas": [2, 4, 5, 6] } }, { "model": "product.producto", "pk": 53, "fields": { "titulo": "Nuggets", "descripcion": "Nuggets de proteína de guisante y trigo Findus.", "fecha": "2021-04-25T23:52:39.823Z", "foto": "nuggets.jpg", "precioMedio": "3.99", "estado": "Aceptado", "user": 1, "dietas": [1, 2, 5, 6] } }, { "model": "product.producto", "pk": 54, "fields": { "titulo": "Medallones de boniato y quinoa", "descripcion": "Medallones de boniato y quinoa Findus.", "fecha": "2021-04-25T23:51:37.731Z", "foto": "medallones_boniato.jpg", "precioMedio": "3.30", "estado": "Aceptado", "user": 1, "dietas": [1, 2, 4, 5, 6] } }, { "model": "product.producto", "pk": 55, "fields": { "titulo": "Picadillo", "descripcion": "Picadillo de proteína de guisante Findus.", "fecha": "2021-04-25T23:50:20.273Z", "foto": "picadillo.jpg", "precioMedio": "3.99", "estado": "Aceptado", "user": 1, "dietas": [1, 2, 4, 5, 6] } }, { "model": "product.producto", "pk": 56, "fields": { "titulo": "Tortas de aceite", "descripcion": "Tortas de aceite sin azÀcar Inés Rosales.", "fecha": "2021-03-30T11:12:32.660Z", "foto": "tortas_aceite.jpg", "precioMedio": "1.80", "estado": "Aceptado", "user": 1, "dietas": [1, 2, 4, 5, 6] } }, { "model": "product.producto", "pk": 57, "fields": { "titulo": "Tortas de aceite", "descripcion": "Tortas de aceite Inés Rosales.", "fecha": "2021-03-30T11:12:32.660Z", "foto": "tortas_aceite2.jpg", "precioMedio": "1.39", "estado": "Aceptado", "user": 1, "dietas": [1, 2, 4, 5, 6] } }, { "model": "product.producto", "pk": 58, "fields": { "titulo": "Tortas de Anís", "descripcion": "Tortas de Anís marca Hacendado.", "fecha": "2021-04-25T23:48:43.375Z", "foto": "tortas_anis.jpg", "precioMedio": "1.09", "estado": "Aceptado", "user": 1, "dietas": [1, 2, 5] } }, { "model": "product.ubicacionproducto", "pk": 9, "fields": { "producto": 7, "ubicacion": 6, "user": 1, "precio": "2.95" } }, { "model": "product.ubicacionproducto", "pk": 10, "fields": { "producto": 8, "ubicacion": 6, "user": 1, "precio": "2.40" } }, { "model": "product.ubicacionproducto", "pk": 11, "fields": { "producto": 9, "ubicacion": 6, "user": 1, "precio": "2.40" } }, { "model": "product.ubicacionproducto", "pk": 12, "fields": { "producto": 10, "ubicacion": 6, "user": 1, "precio": "2.49" } }, { "model": "product.ubicacionproducto", "pk": 13, "fields": { "producto": 11, "ubicacion": 6, "user": 1, "precio": "1.19" } }, { "model": "product.ubicacionproducto", "pk": 14, "fields": { "producto": 12, "ubicacion": 6, "user": 1, "precio": "1.19" } }, { "model": "product.ubicacionproducto", "pk": 15, "fields": { "producto": 13, "ubicacion": 6, "user": 1, "precio": "2.30" } }, { "model": "product.ubicacionproducto", "pk": 16, "fields": { "producto": 14, "ubicacion": 6, "user": 1, "precio": "1.50" } }, { "model": "product.ubicacionproducto", "pk": 19, "fields": { "producto": 16, "ubicacion": 6, "user": 1, "precio": "1.40" } }, { "model": "product.ubicacionproducto", "pk": 23, "fields": { "producto": 20, "ubicacion": 3, "user": 1, "precio": "1.75" } }, { "model": "product.ubicacionproducto", "pk": 24, "fields": { "producto": 21, "ubicacion": 3, "user": 1, "precio": "2.10" } }, { "model": "product.ubicacionproducto", "pk": 25, "fields": { "producto": 22, "ubicacion": 3, "user": 1, "precio": "1.65" } }, { "model": "product.ubicacionproducto", "pk": 26, "fields": { "producto": 23, "ubicacion": 3, "user": 1, "precio": "1.75" } }, { "model": "product.ubicacionproducto", "pk": 28, "fields": { "producto": 25, "ubicacion": 3, "user": 1, "precio": "1.75" } }, { "model": "product.ubicacionproducto", "pk": 29, "fields": { "producto": 26, "ubicacion": 3, "user": 1, "precio": "2.45" } }, { "model": "product.ubicacionproducto", "pk": 30, "fields": { "producto": 27, "ubicacion": 6, "user": 2, "precio": "1.52" } }, { "model": "product.ubicacionproducto", "pk": 31, "fields": { "producto": 28, "ubicacion": 6, "user": 1, "precio": "2.00" } }, { "model": "product.ubicacionproducto", "pk": 32, "fields": { "producto": 29, "ubicacion": 6, "user": 1, "precio": "1.05" } }, { "model": "product.ubicacionproducto", "pk": 36, "fields": { "producto": 32, "ubicacion": 5, "user": 1, "precio": "2.49" } }, { "model": "product.ubicacionproducto", "pk": 37, "fields": { "producto": 33, "ubicacion": 5, "user": 1, "precio": "2.99" } }, { "model": "product.ubicacionproducto", "pk": 38, "fields": { "producto": 33, "ubicacion": 1, "user": 1, "precio": "2.99" } }, { "model": "product.ubicacionproducto", "pk": 39, "fields": { "producto": 33, "ubicacion": 30, "user": 1, "precio": "3.30" } }, { "model": "product.ubicacionproducto", "pk": 40, "fields": { "producto": 33, "ubicacion": 31, "user": 1, "precio": "3.30" } }, { "model": "product.ubicacionproducto", "pk": 41, "fields": { "producto": 34, "ubicacion": 5, "user": 2, "precio": "1.99" } }, { "model": "product.ubicacionproducto", "pk": 42, "fields": { "producto": 35, "ubicacion": 6, "user": 2, "precio": "1.70" } }, { "model": "product.ubicacionproducto", "pk": 43, "fields": { "producto": 36, "ubicacion": 6, "user": 2, "precio": "1.45" } }, { "model": "product.ubicacionproducto", "pk": 44, "fields": { "producto": 37, "ubicacion": 6, "user": 3, "precio": "1.55" } }, { "model": "product.ubicacionproducto", "pk": 45, "fields": { "producto": 38, "ubicacion": 6, "user": 3, "precio": "2.65" } }, { "model": "product.ubicacionproducto", "pk": 46, "fields": { "producto": 39, "ubicacion": 6, "user": 3, "precio": "1.85" } }, { "model": "product.ubicacionproducto", "pk": 55, "fields": { "producto": 43, "ubicacion": 6, "user": 1, "precio": "4.50" } }, { "model": "product.ubicacionproducto", "pk": 77, "fields": { "producto": 42, "ubicacion": 1, "user": 1, "precio": "1.52" } }, { "model": "product.ubicacionproducto", "pk": 78, "fields": { "producto": 42, "ubicacion": 3, "user": 1, "precio": "1.52" } }, { "model": "product.ubicacionproducto", "pk": 79, "fields": { "producto": 42, "ubicacion": 4, "user": 1, "precio": "1.52" } }, { "model": "product.ubicacionproducto", "pk": 80, "fields": { "producto": 42, "ubicacion": 6, "user": 1, "precio": "1.52" } }, { "model": "product.ubicacionproducto", "pk": 81, "fields": { "producto": 42, "ubicacion": 30, "user": 1, "precio": "1.52" } }, { "model": "product.ubicacionproducto", "pk": 82, "fields": { "producto": 42, "ubicacion": 31, "user": 1, "precio": "1.52" } }, { "model": "product.ubicacionproducto", "pk": 116, "fields": { "producto": 56, "ubicacion": 3, "user": 1, "precio": "1.80" } }, { "model": "product.ubicacionproducto", "pk": 117, "fields": { "producto": 57, "ubicacion": 6, "user": 1, "precio": "1.39" } }, { "model": "product.ubicacionproducto", "pk": 137, "fields": { "producto": 57, "ubicacion": 15, "user": 2, "precio": "1.00" } }, { "model": "product.ubicacionproducto", "pk": 139, "fields": { "producto": 1, "ubicacion": 4, "user": 1, "precio": "3.10" } }, { "model": "product.ubicacionproducto", "pk": 140, "fields": { "producto": 1, "ubicacion": 7, "user": 1, "precio": "3.10" } }, { "model": "product.ubicacionproducto", "pk": 141, "fields": { "producto": 1, "ubicacion": 4, "user": 2, "precio": "1.00" } }, { "model": "product.ubicacionproducto", "pk": 142, "fields": { "producto": 58, "ubicacion": 6, "user": 1, "precio": "1.09" } }, { "model": "product.ubicacionproducto", "pk": 143, "fields": { "producto": 55, "ubicacion": 32, "user": 1, "precio": "3.99" } }, { "model": "product.ubicacionproducto", "pk": 144, "fields": { "producto": 54, "ubicacion": 1, "user": 1, "precio": "3.30" } }, { "model": "product.ubicacionproducto", "pk": 145, "fields": { "producto": 54, "ubicacion": 32, "user": 1, "precio": "3.30" } }, { "model": "product.ubicacionproducto", "pk": 146, "fields": { "producto": 53, "ubicacion": 32, "user": 1, "precio": "3.99" } }, { "model": "product.ubicacionproducto", "pk": 147, "fields": { "producto": 52, "ubicacion": 32, "user": 1, "precio": "4.25" } }, { "model": "product.ubicacionproducto", "pk": 148, "fields": { "producto": 51, "ubicacion": 32, "user": 1, "precio": "3.50" } }, { "model": "product.ubicacionproducto", "pk": 149, "fields": { "producto": 50, "ubicacion": 1, "user": 1, "precio": "3.60" } }, { "model": "product.ubicacionproducto", "pk": 150, "fields": { "producto": 50, "ubicacion": 4, "user": 1, "precio": "3.60" } }, { "model": "product.ubicacionproducto", "pk": 151, "fields": { "producto": 50, "ubicacion": 30, "user": 1, "precio": "3.60" } }, { "model": "product.ubicacionproducto", "pk": 152, "fields": { "producto": 50, "ubicacion": 31, "user": 1, "precio": "3.60" } }, { "model": "product.ubicacionproducto", "pk": 153, "fields": { "producto": 50, "ubicacion": 32, "user": 1, "precio": "3.60" } }, { "model": "product.ubicacionproducto", "pk": 154, "fields": { "producto": 49, "ubicacion": 1, "user": 1, "precio": "3.70" } }, { "model": "product.ubicacionproducto", "pk": 155, "fields": { "producto": 49, "ubicacion": 4, "user": 1, "precio": "3.70" } }, { "model": "product.ubicacionproducto", "pk": 156, "fields": { "producto": 49, "ubicacion": 30, "user": 1, "precio": "3.70" } }, { "model": "product.ubicacionproducto", "pk": 157, "fields": { "producto": 49, "ubicacion": 31, "user": 1, "precio": "3.70" } }, { "model": "product.ubicacionproducto", "pk": 158, "fields": { "producto": 49, "ubicacion": 32, "user": 1, "precio": "3.70" } }, { "model": "product.ubicacionproducto", "pk": 159, "fields": { "producto": 48, "ubicacion": 1, "user": 1, "precio": "3.70" } }, { "model": "product.ubicacionproducto", "pk": 160, "fields": { "producto": 48, "ubicacion": 4, "user": 1, "precio": "3.70" } }, { "model": "product.ubicacionproducto", "pk": 161, "fields": { "producto": 48, "ubicacion": 30, "user": 1, "precio": "3.70" } }, { "model": "product.ubicacionproducto", "pk": 162, "fields": { "producto": 48, "ubicacion": 31, "user": 1, "precio": "3.70" } }, { "model": "product.ubicacionproducto", "pk": 163, "fields": { "producto": 48, "ubicacion": 32, "user": 1, "precio": "3.70" } }, { "model": "product.ubicacionproducto", "pk": 164, "fields": { "producto": 47, "ubicacion": 32, "user": 1, "precio": "3.99" } }, { "model": "product.ubicacionproducto", "pk": 165, "fields": { "producto": 46, "ubicacion": 5, "user": 1, "precio": "2.95" } }, { "model": "product.ubicacionproducto", "pk": 166, "fields": { "producto": 46, "ubicacion": 6, "user": 1, "precio": "2.95" } }, { "model": "product.ubicacionproducto", "pk": 167, "fields": { "producto": 46, "ubicacion": 15, "user": 1, "precio": "2.95" } }, { "model": "product.ubicacionproducto", "pk": 168, "fields": { "producto": 46, "ubicacion": 18, "user": 1, "precio": "2.95" } }, { "model": "product.ubicacionproducto", "pk": 169, "fields": { "producto": 45, "ubicacion": 6, "user": 1, "precio": "2.25" } }, { "model": "product.ubicacionproducto", "pk": 170, "fields": { "producto": 44, "ubicacion": 6, "user": 1, "precio": "1.79" } }, { "model": "product.ubicacionproducto", "pk": 171, "fields": { "producto": 41, "ubicacion": 6, "user": 1, "precio": "2.38" } }, { "model": "product.ubicacionproducto", "pk": 172, "fields": { "producto": 40, "ubicacion": 6, "user": 1, "precio": "2.38" } }, { "model": "product.ubicacionproducto", "pk": 173, "fields": { "producto": 31, "ubicacion": 1, "user": 1, "precio": "2.95" } }, { "model": "product.ubicacionproducto", "pk": 174, "fields": { "producto": 31, "ubicacion": 6, "user": 1, "precio": "2.95" } }, { "model": "product.ubicacionproducto", "pk": 175, "fields": { "producto": 30, "ubicacion": 6, "user": 1, "precio": "1.85" } }, { "model": "product.ubicacionproducto", "pk": 176, "fields": { "producto": 24, "ubicacion": 3, "user": 1, "precio": "3.69" } }, { "model": "product.ubicacionproducto", "pk": 177, "fields": { "producto": 19, "ubicacion": 6, "user": 1, "precio": "2.95" } }, { "model": "product.ubicacionproducto", "pk": 178, "fields": { "producto": 18, "ubicacion": 6, "user": 1, "precio": "1.51" } }, { "model": "product.ubicacionproducto", "pk": 179, "fields": { "producto": 17, "ubicacion": 6, "user": 1, "precio": "1.51" } }, { "model": "product.ubicacionproducto", "pk": 180, "fields": { "producto": 15, "ubicacion": 2, "user": 1, "precio": "2.32" } }, { "model": "product.ubicacionproducto", "pk": 181, "fields": { "producto": 15, "ubicacion": 6, "user": 1, "precio": "2.32" } }, { "model": "product.ubicacionproducto", "pk": 182, "fields": { "producto": 6, "ubicacion": 1, "user": 1, "precio": "2.41" } }, { "model": "product.ubicacionproducto", "pk": 185, "fields": { "producto": 5, "ubicacion": 3, "user": 1, "precio": "5.09" } }, { "model": "product.ubicacionproducto", "pk": 186, "fields": { "producto": 5, "ubicacion": 5, "user": 1, "precio": "5.09" } }, { "model": "product.ubicacionproducto", "pk": 187, "fields": { "producto": 4, "ubicacion": 7, "user": 1, "precio": "3.13" } }, { "model": "product.ubicacionproducto", "pk": 188, "fields": { "producto": 3, "ubicacion": 5, "user": 1, "precio": "4.15" } }, { "model": "product.ubicacionproducto", "pk": 189, "fields": { "producto": 2, "ubicacion": 5, "user": 1, "precio": "4.10" } }, { "model": "product.causareporte", "pk": 1, "fields": { "causa": "Producto repetido" } }, { "model": "product.causareporte", "pk": 2, "fields": { "causa": "Dietas/restricciones incorrectas" } }, { "model": "product.reporte", "pk": 1, "fields": { "causa": "Producto repetido", "producto": 46, "user": 1, "fecha": "2021-03-30T18:16:09.429Z", "comentarios": "Este producto está repetido \"Natillas de chocolate y coco\".", "estado": "Pendiente" } }, { "model": "product.reporte", "pk": 2, "fields": { "causa": "Dietas/restricciones incorrectas", "producto": 51, "user": 1, "fecha": "2021-03-30T18:16:09.429Z", "comentarios": "Este producto es vegano.", "estado": "Pendiente" } }, { "model": "product.reporte", "pk": 3, "fields": { "causa": "Dietas/restricciones incorrectas", "producto": 51, "user": 2, "fecha": "2021-03-30T18:16:09.429Z", "comentarios": "Es apto para veganos.", "estado": "Pendiente" } }, { "model": "product.reporte", "pk": 4, "fields": { "causa": "Dietas/restricciones incorrectas", "producto": 52, "user": 2, "fecha": "2021-03-30T18:16:09.429Z", "comentarios": "Es apto para veganos.", "estado": "Pendiente" } }, { "model": "product.valoracion", "pk": 1, "fields": { "puntuacion": 5, "fecha": "2021-03-31T17:07:27.954Z", "user": 3, "producto": 1 } }, { "model": "product.valoracion", "pk": 2, "fields": { "puntuacion": 4, "fecha": "2021-03-31T17:07:27.954Z", "user": 4, "producto": 2 } }, { "model": "product.valoracion", "pk": 3, "fields": { "puntuacion": 4, "fecha": "2021-03-31T17:07:27.954Z", "user": 3, "producto": 2 } }, { "model": "product.valoracion", "pk": 4, "fields": { "puntuacion": 5, "fecha": "2021-03-31T17:07:27.954Z", "user": 4, "producto": 3 } }, { "model": "product.valoracion", "pk": 5, "fields": { "puntuacion": 3, "fecha": "2021-03-31T17:07:27.954Z", "user": 4, "producto": 4 } }, { "model": "product.valoracion", "pk": 6, "fields": { "puntuacion": 4, "fecha": "2021-03-31T17:07:27.954Z", "user": 3, "producto": 5 } }, { "model": "product.valoracion", "pk": 7, "fields": { "puntuacion": 5, "fecha": "2021-03-31T17:07:27.954Z", "user": 3, "producto": 6 } }, { "model": "product.valoracion", "pk": 8, "fields": { "puntuacion": 5, "fecha": "2021-03-31T17:07:27.954Z", "user": 4, "producto": 6 } }, { "model": "product.valoracion", "pk": 9, "fields": { "puntuacion": 4, "fecha": "2021-03-31T17:07:27.954Z", "user": 3, "producto": 7 } }, { "model": "product.valoracion", "pk": 10, "fields": { "puntuacion": 4, "fecha": "2021-03-31T17:07:27.954Z", "user": 4, "producto": 8 } }, { "model": "product.valoracion", "pk": 11, "fields": { "puntuacion": 4, "fecha": "2021-03-31T17:07:27.954Z", "user": 3, "producto": 9 } }, { "model": "product.valoracion", "pk": 12, "fields": { "puntuacion": 5, "fecha": "2021-03-31T17:07:27.954Z", "user": 4, "producto": 10 } }, { "model": "product.valoracion", "pk": 13, "fields": { "puntuacion": 4, "fecha": "2021-03-31T17:07:27.954Z", "user": 3, "producto": 11 } }, { "model": "product.valoracion", "pk": 14, "fields": { "puntuacion": 4, "fecha": "2021-03-31T17:07:27.954Z", "user": 4, "producto": 12 } }, { "model": "product.valoracion", "pk": 15, "fields": { "puntuacion": 5, "fecha": "2021-03-31T17:07:27.954Z", "user": 3, "producto": 13 } }, { "model": "product.valoracion", "pk": 16, "fields": { "puntuacion": 5, "fecha": "2021-03-31T17:07:27.954Z", "user": 4, "producto": 14 } }, { "model": "product.valoracion", "pk": 17, "fields": { "puntuacion": 5, "fecha": "2021-03-31T17:07:27.954Z", "user": 3, "producto": 14 } }, { "model": "product.valoracion", "pk": 18, "fields": { "puntuacion": 4, "fecha": "2021-03-31T17:07:27.954Z", "user": 3, "producto": 15 } }, { "model": "product.valoracion", "pk": 19, "fields": { "puntuacion": 4, "fecha": "2021-03-31T17:07:27.954Z", "user": 3, "producto": 16 } }, { "model": "product.valoracion", "pk": 20, "fields": { "puntuacion": 4, "fecha": "2021-03-31T17:07:27.954Z", "user": 4, "producto": 17 } }, { "model": "product.valoracion", "pk": 21, "fields": { "puntuacion": 4, "fecha": "2021-03-31T17:07:27.954Z", "user": 3, "producto": 18 } }, { "model": "product.valoracion", "pk": 22, "fields": { "puntuacion": 5, "fecha": "2021-03-31T17:07:27.954Z", "user": 4, "producto": 19 } }, { "model": "product.valoracion", "pk": 23, "fields": { "puntuacion": 5, "fecha": "2021-03-31T17:07:27.954Z", "user": 3, "producto": 20 } }, { "model": "product.valoracion", "pk": 24, "fields": { "puntuacion": 5, "fecha": "2021-03-31T17:07:27.954Z", "user": 4, "producto": 20 } }, { "model": "product.valoracion", "pk": 25, "fields": { "puntuacion": 4, "fecha": "2021-03-31T17:07:27.954Z", "user": 4, "producto": 21 } }, { "model": "product.valoracion", "pk": 26, "fields": { "puntuacion": 5, "fecha": "2021-03-31T17:07:27.954Z", "user": 3, "producto": 22 } }, { "model": "product.valoracion", "pk": 27, "fields": { "puntuacion": 4, "fecha": "2021-03-31T17:07:27.954Z", "user": 1, "producto": 22 } }, { "model": "product.valoracion", "pk": 28, "fields": { "puntuacion": 2, "fecha": "2021-03-31T17:07:27.954Z", "user": 4, "producto": 22 } }, { "model": "product.valoracion", "pk": 29, "fields": { "puntuacion": 4, "fecha": "2021-03-31T17:07:27.954Z", "user": 3, "producto": 23 } }, { "model": "product.valoracion", "pk": 30, "fields": { "puntuacion": 4, "fecha": "2021-03-31T17:07:27.954Z", "user": 4, "producto": 24 } }, { "model": "product.valoracion", "pk": 31, "fields": { "puntuacion": 5, "fecha": "2021-03-31T17:07:27.954Z", "user": 3, "producto": 28 } }, { "model": "product.valoracion", "pk": 32, "fields": { "puntuacion": 4, "fecha": "2021-03-31T17:07:27.954Z", "user": 3, "producto": 29 } }, { "model": "product.valoracion", "pk": 33, "fields": { "puntuacion": 4, "fecha": "2021-03-31T17:07:27.954Z", "user": 4, "producto": 29 } }, { "model": "product.valoracion", "pk": 34, "fields": { "puntuacion": 4, "fecha": "2021-03-31T17:07:27.954Z", "user": 4, "producto": 31 } }, { "model": "product.valoracion", "pk": 35, "fields": { "puntuacion": 4, "fecha": "2021-03-31T17:07:27.954Z", "user": 3, "producto": 33 } }, { "model": "product.valoracion", "pk": 36, "fields": { "puntuacion": 5, "fecha": "2021-03-31T17:07:27.954Z", "user": 4, "producto": 38 } }, { "model": "product.valoracion", "pk": 37, "fields": { "puntuacion": 4, "fecha": "2021-03-31T17:07:27.954Z", "user": 3, "producto": 39 } }, { "model": "product.valoracion", "pk": 38, "fields": { "puntuacion": 4, "fecha": "2021-03-31T17:07:27.954Z", "user": 3, "producto": 42 } }, { "model": "product.valoracion", "pk": 39, "fields": { "puntuacion": 4, "fecha": "2021-03-31T17:07:27.954Z", "user": 4, "producto": 42 } }, { "model": "product.valoracion", "pk": 40, "fields": { "puntuacion": 3, "fecha": "2021-03-31T17:07:27.954Z", "user": 3, "producto": 44 } }, { "model": "product.valoracion", "pk": 41, "fields": { "puntuacion": 4, "fecha": "2021-03-31T17:07:27.954Z", "user": 3, "producto": 46 } }, { "model": "product.valoracion", "pk": 42, "fields": { "puntuacion": 3, "fecha": "2021-03-31T17:07:27.954Z", "user": 1, "producto": 47 } }, { "model": "product.valoracion", "pk": 43, "fields": { "puntuacion": 5, "fecha": "2021-03-31T17:07:27.954Z", "user": 4, "producto": 47 } }, { "model": "product.valoracion", "pk": 44, "fields": { "puntuacion": 4, "fecha": "2021-03-31T17:07:27.954Z", "user": 3, "producto": 47 } }, { "model": "product.valoracion", "pk": 45, "fields": { "puntuacion": 4, "fecha": "2021-03-31T17:07:27.954Z", "user": 4, "producto": 48 } }, { "model": "product.valoracion", "pk": 46, "fields": { "puntuacion": 4, "fecha": "2021-03-31T17:07:27.954Z", "user": 3, "producto": 49 } }, { "model": "product.valoracion", "pk": 47, "fields": { "puntuacion": 5, "fecha": "2021-03-31T17:07:27.954Z", "user": 4, "producto": 49 } }, { "model": "product.valoracion", "pk": 48, "fields": { "puntuacion": 5, "fecha": "2021-03-31T17:07:27.954Z", "user": 3, "producto": 50 } }, { "model": "product.valoracion", "pk": 49, "fields": { "puntuacion": 4, "fecha": "2021-03-31T17:07:27.954Z", "user": 4, "producto": 51 } }, { "model": "product.valoracion", "pk": 50, "fields": { "puntuacion": 4, "fecha": "2021-03-31T17:07:27.954Z", "user": 3, "producto": 51 } }, { "model": "product.valoracion", "pk": 51, "fields": { "puntuacion": 5, "fecha": "2021-03-31T17:07:27.954Z", "user": 4, "producto": 52 } }, { "model": "product.valoracion", "pk": 52, "fields": { "puntuacion": 5, "fecha": "2021-03-31T17:07:27.954Z", "user": 3, "producto": 53 } }, { "model": "product.valoracion", "pk": 53, "fields": { "puntuacion": 4, "fecha": "2021-03-31T17:07:27.954Z", "user": 4, "producto": 53 } }, { "model": "product.valoracion", "pk": 54, "fields": { "puntuacion": 5, "fecha": "2021-03-31T17:07:27.954Z", "user": 3, "producto": 54 } }, { "model": "product.valoracion", "pk": 55, "fields": { "puntuacion": 4, "fecha": "2021-03-31T17:07:27.954Z", "user": 4, "producto": 55 } }, { "model": "product.valoracion", "pk": 56, "fields": { "puntuacion": 4, "fecha": "2021-03-31T17:07:27.954Z", "user": 3, "producto": 56 } }, { "model": "product.valoracion", "pk": 57, "fields": { "puntuacion": 5, "fecha": "2021-03-31T17:07:27.954Z", "user": 3, "producto": 57 } }, { "model": "product.valoracion", "pk": 58, "fields": { "puntuacion": 4, "fecha": "2021-03-31T17:07:27.954Z", "user": 4, "producto": 58 } }, { "model": "product.aportacion", "pk": 1, "fields": { "titulo": "Increíble", "mensaje": "Un sabor increíble. Me encanta.", "fecha": "2021-03-31T17:07:27.954Z", "user": 2, "producto": 1 } }, { "model": "product.aportacion", "pk": 2, "fields": { "titulo": "Me ha gustado mucho", "mensaje": "Me ha gustado mucho la textura, el sabor y el tamaño, ideal para una boloñesa o para una lasaña.", "fecha": "2021-03-31T17:07:27.954Z", "user": 2, "producto": 2 } }, { "model": "product.aportacion", "pk": 3, "fields": { "titulo": "Ideal para recetas", "mensaje": "Carne picada vegetal ideal para mÀltiples recetas. Yo la probé en lasaña y quedó genial.", "fecha": "2021-03-31T17:07:27.954Z", "user": 3, "producto": 2 } }, { "model": "product.aportacion", "pk": 4, "fields": { "titulo": "Una de las mejores pizzas", "mensaje": "La calidad de la masa es perfecta, una de las mejores pizzas más buenas que he probado.", "fecha": "2021-03-31T17:07:27.954Z", "user": 2, "producto": 3 } }, { "model": "product.aportacion", "pk": 5, "fields": { "titulo": "Buen sabor", "mensaje": "Buen sabor y textura, aunque me lo esperaba mejor.", "fecha": "2021-03-31T17:07:27.954Z", "user": 4, "producto": 4 } }, { "model": "product.aportacion", "pk": 6, "fields": { "titulo": "Bastante calidad", "mensaje": "Es un producto de bastante calidad y tiene muy buen precio.", "fecha": "2021-03-31T17:07:27.954Z", "user": 2, "producto": 5 } }, { "model": "product.aportacion", "pk": 7, "fields": { "titulo": "Buenísimo", "mensaje": "Este pan está buenísimo, después de pasarlo por el tostado, super crujiente. Lo recomiendo para tostadas por la mañana o una cena rápida de una tosta.", "fecha": "2021-03-31T17:07:27.954Z", "user": 3, "producto": 6 } }, { "model": "product.aportacion", "pk": 8, "fields": { "titulo": "El mejor pan", "mensaje": "Este es el mejor pan sin gluten que he probado. Tanto de textura como de sabor. Queda muy crujiente en la tostadora.", "fecha": "2021-03-31T17:07:27.954Z", "user": 4, "producto": 6 } }, { "model": "product.aportacion", "pk": 9, "fields": { "titulo": "Bastante bien", "mensaje": "En general están bastante bien de sabor, y parece como con queso porque son suaves al comerlas.", "fecha": "2021-03-31T17:07:27.954Z", "user": 3, "producto": 7 } }, { "model": "product.aportacion", "pk": 10, "fields": { "titulo": "Muy ricas", "mensaje": "Muy ricas. Suaves y con muy buen sabor.", "fecha": "2021-03-31T17:07:27.954Z", "user": 4, "producto": 8 } }, { "model": "product.aportacion", "pk": 11, "fields": { "titulo": "Buenísimas", "mensaje": "Están buenísimas.", "fecha": "2021-03-31T17:07:27.954Z", "user": 2, "producto": 9 } }, { "model": "product.aportacion", "pk": 12, "fields": { "titulo": "Muy bueno", "mensaje": "Me parece un producto muy bueno y económico.", "fecha": "2021-03-31T17:07:27.954Z", "user": 2, "producto": 10 } }, { "model": "product.aportacion", "pk": 13, "fields": { "titulo": "Buena textura y sabor", "mensaje": "Tiene muy buena textura y sabor. Es muy buena opción sustitutiva.", "fecha": "2021-03-31T17:07:27.954Z", "user": 3, "producto": 11 } }, { "model": "product.aportacion", "pk": 14, "fields": { "titulo": "Buen producto", "mensaje": "Me parece un producto muy bueno.", "fecha": "2021-03-31T17:07:27.954Z", "user": 2, "producto": 12 } }, { "model": "product.aportacion", "pk": 15, "fields": { "titulo": "Muy bueno", "mensaje": "Siempre compro tofu de Mercadona. Lo hago con muchas recetas diferentes. Creo que es un tofu muy bueno y con un precio que merece la pena.", "fecha": "2021-03-31T17:07:27.954Z", "user": 3, "producto": 13 } }, { "model": "product.aportacion", "pk": 16, "fields": { "titulo": "Indispensable", "mensaje": "Es uno de los indispensables, tanto el formato como el tamaño del granulado es perfecto. Perfecto para mÀltiples platos.", "fecha": "2021-03-31T17:07:27.954Z", "user": 4, "producto": 14 } }, { "model": "product.aportacion", "pk": 17, "fields": { "titulo": "Me gusta mucho", "mensaje": "Me gusta mucho. Se puede freír bien dejándola tostadita y crujiente en unas fajitas y queda buenísimo.", "fecha": "2021-03-31T17:07:27.954Z", "user": 2, "producto": 14 } }, { "model": "product.aportacion", "pk": 18, "fields": { "titulo": "Muy buena opción", "mensaje": "Es muy buena opción, a mi el seitán no es lo que más me gusta pero este está bastante bien hecho y con buen aporte nutritivo.", "fecha": "2021-03-31T17:07:27.954Z", "user": 3, "producto": 15 } }, { "model": "product.aportacion", "pk": 19, "fields": { "titulo": "Buen producto", "mensaje": "Me parece un buen producto para variar un poco y empezar a tomar productos más saludables.", "fecha": "2021-03-31T17:07:27.954Z", "user": 3, "producto": 16 } }, { "model": "product.aportacion", "pk": 20, "fields": { "titulo": "Bastante suave", "mensaje": "Tiene un sabor bastante suave y un buen precio.", "fecha": "2021-03-31T17:07:27.954Z", "user": 4, "producto": 17 } }, { "model": "product.aportacion", "pk": 21, "fields": { "titulo": "Increíbles", "mensaje": "Están increíbles. Comerlas de vez en cuando es un gusto, saben mucho a boletus.", "fecha": "2021-03-31T17:07:27.954Z", "user": 2, "producto": 18 } }, { "model": "product.aportacion", "pk": 22, "fields": { "titulo": "Una de las mejores", "mensaje": "Es una de las mejores pizzas congeladas. Tras su horneado, la masa se queda esponjosa y el queso vegano se funde a la perfección con el resto de ingredientes.", "fecha": "2021-03-31T17:07:27.954Z", "user": 4, "producto": 19 } }, { "model": "product.aportacion", "pk": 23, "fields": { "titulo": "El mejor que he probado", "mensaje": "El mejor que he probado de los hummus de supermercado, lo recomiendo.", "fecha": "2021-03-31T17:07:27.954Z", "user": 3, "producto": 20 } }, { "model": "product.aportacion", "pk": 24, "fields": { "titulo": "Muy bueno", "mensaje": "Está muy bueno. Con un poco de aceite de oliva virgen y pimentón está de muerte.", "fecha": "2021-03-31T17:07:27.954Z", "user": 2, "producto": 20 } }, { "model": "product.aportacion", "pk": 25, "fields": { "titulo": "Me encanta", "mensaje": "Me encanta y además es super fácil de preparar.", "fecha": "2021-03-31T17:07:27.954Z", "user": 2, "producto": 21 } }, { "model": "product.aportacion", "pk": 26, "fields": { "titulo": "Los mejores picos", "mensaje": "Para mí son los mejores picos sin gluten.", "fecha": "2021-03-31T17:07:27.954Z", "user": 3, "producto": 22 } }, { "model": "product.aportacion", "pk": 27, "fields": { "titulo": "Fantástico", "mensaje": "El sabor de estos picos es fantástico y se conservan muy bien.", "fecha": "2021-03-31T17:07:27.954Z", "user": 2, "producto": 22 } }, { "model": "product.aportacion", "pk": 28, "fields": { "titulo": "Muy bueno", "mensaje": "Es un producto muy bueno pero su precio lo arruina.", "fecha": "2021-03-31T17:07:27.954Z", "user": 4, "producto": 22 } }, { "model": "product.aportacion", "pk": 29, "fields": { "titulo": "Buen sabor y textura", "mensaje": "Tienen muy buen sabor y textura, se asemejan a los fideos con gluten.", "fecha": "2021-03-31T17:07:27.954Z", "user": 3, "producto": 23 } }, { "model": "product.aportacion", "pk": 30, "fields": { "titulo": "Muy ricos", "mensaje": "Están muy ricos. Los recomiendo.", "fecha": "2021-03-31T17:07:27.954Z", "user": 4, "producto": 24 } }, { "model": "product.aportacion", "pk": 31, "fields": { "titulo": "Increíble", "mensaje": "Me parece increíble. La recomiendo.", "fecha": "2021-03-31T17:07:27.954Z", "user": 2, "producto": 28 } }, { "model": "product.aportacion", "pk": 32, "fields": { "titulo": "Me encantan", "mensaje": "Me encantan estas papas que saben literal al pollo al limón.", "fecha": "2021-03-31T17:07:27.954Z", "user": 3, "producto": 29 } }, { "model": "product.aportacion", "pk": 33, "fields": { "titulo": "Muy ricas", "mensaje": "Tienen un sabor muy logrado y están muy ricas.", "fecha": "2021-03-31T17:07:27.954Z", "user": 4, "producto": 29 } }, { "model": "product.aportacion", "pk": 34, "fields": { "titulo": "Riquísimas", "mensaje": "Estas natillas están riquísimas.", "fecha": "2021-03-31T17:07:27.954Z", "user": 2, "producto": 31 } }, { "model": "product.aportacion", "pk": 35, "fields": { "titulo": "Buen producto", "mensaje": "La textura y el sabor es muy similar a un queso de vaca, aunque éste se rompe con mayor facilidad, es menos \"flexible\".", "fecha": "2021-03-31T17:07:27.954Z", "user": 3, "producto": 33 } }, { "model": "product.aportacion", "pk": 36, "fields": { "titulo": "Fantástico", "mensaje": "Es un producto fantástico, gusta a toda mi familia.", "fecha": "2021-03-31T17:07:27.954Z", "user": 2, "producto": 38 } }, { "model": "product.aportacion", "pk": 37, "fields": { "titulo": "Muy buenas", "mensaje": "Muy buena textura, calidad y sabor.", "fecha": "2021-03-31T17:07:27.954Z", "user": 3, "producto": 39 } }, { "model": "product.aportacion", "pk": 38, "fields": { "titulo": "Me gusta", "mensaje": "Este es uno de los productos que suelo comer, me gusta el sabor, la textura y la relación precio no está nada mal.", "fecha": "2021-03-31T17:07:27.954Z", "user": 3, "producto": 42 } }, { "model": "product.aportacion", "pk": 39, "fields": { "titulo": "Deliciosos", "mensaje": "No suelo comer mucho este tipo de comida preparada pero estos yakisoba de curry están deliciosos.", "fecha": "2021-03-31T17:07:27.954Z", "user": 4, "producto": 42 } }, { "model": "product.aportacion", "pk": 40, "fields": { "titulo": "Muy bueno", "mensaje": "Muy bueno y económico.", "fecha": "2021-03-31T17:07:27.954Z", "user": 2, "producto": 44 } }, { "model": "product.aportacion", "pk": 41, "fields": { "titulo": "Muy ricas", "mensaje": "Están muy ricas.", "fecha": "2021-03-31T17:07:27.954Z", "user": 3, "producto": 46 } }, { "model": "product.aportacion", "pk": 42, "fields": { "titulo": "Buenas", "mensaje": "Están buenas y son ligeramente picantes.", "fecha": "2021-03-31T17:07:27.954Z", "user": 2, "producto": 47 } }, { "model": "product.aportacion", "pk": 43, "fields": { "titulo": "Me encanta", "mensaje": "A mi familia le encanta este producto, aunque en casa se consumen también salteados de verduras, arroces... Desde luego un 10.", "fecha": "2021-03-31T17:07:27.954Z", "user": 4, "producto": 47 } }, { "model": "product.aportacion", "pk": 44, "fields": { "titulo": "Buen producto", "mensaje": "Es una buena forma de comer fingers sin comer carne.", "fecha": "2021-03-31T17:07:27.954Z", "user": 3, "producto": 47 } }, { "model": "product.aportacion", "pk": 45, "fields": { "titulo": "Nos encanta", "mensaje": "En casa nos encanta a todos y nos saca de más de un apuro.", "fecha": "2021-03-31T17:07:27.954Z", "user": 4, "producto": 48 } }, { "model": "product.aportacion", "pk": 46, "fields": { "titulo": "Muy buenas", "mensaje": "Muy buenas las verduras de findus, lo bueno es que se hacen en un momento.", "fecha": "2021-03-31T17:07:27.954Z", "user": 3, "producto": 49 } }, { "model": "product.aportacion", "pk": 47, "fields": { "titulo": "Exquisito", "mensaje": "Tiene un sabor exquisito, calidad e ingenio en la receta findus.", "fecha": "2021-03-31T17:07:27.954Z", "user": 2, "producto": 49 } }, { "model": "product.aportacion", "pk": 48, "fields": { "titulo": "Super completo", "mensaje": "Es super completo y además está riquísimo.", "fecha": "2021-03-31T17:07:27.954Z", "user": 2, "producto": 50 } }, { "model": "product.aportacion", "pk": 49, "fields": { "titulo": "Muy ricas", "mensaje": "Muy ricas, si bien la textura no me gusta para hamburguesa, las uso como acompañamiento al resto de verduras o patatas.", "fecha": "2021-03-31T17:07:27.954Z", "user": 2, "producto": 51 } }, { "model": "product.aportacion", "pk": 50, "fields": { "titulo": "Buenísimas", "mensaje": "Están buenísimas, sanas y si las acompañas con una ensalada, cena ligera y riquísima.", "fecha": "2021-03-31T17:07:27.954Z", "user": 3, "producto": 51 } }, { "model": "product.aportacion", "pk": 51, "fields": { "titulo": "Exquisitas", "mensaje": "Las compré para probar y preparé una hamburguesa con pan, lechuga, queso... y estaban exquisitas. Y sin carne!", "fecha": "2021-03-31T17:07:27.954Z", "user": 2, "producto": 52 } }, { "model": "product.aportacion", "pk": 52, "fields": { "titulo": "Una de mis comidas favoritas", "mensaje": "Este producto es una de mis comidas favoritas desde que lo probé, está riquísimo y además es más sano que los nuggets normales, adoro.", "fecha": "2021-03-31T17:07:27.954Z", "user": 2, "producto": 53 } }, { "model": "product.aportacion", "pk": 53, "fields": { "titulo": "Deliciosos", "mensaje": "He probado los nuggets, están deliciosos, muy crujientes y nada grasiento.", "fecha": "2021-03-31T17:07:27.954Z", "user": 4, "producto": 53 } }, { "model": "product.aportacion", "pk": 54, "fields": { "titulo": "Producto excelente", "mensaje": "Es un producto excelente, muy buena combinación de sabores. Me gusta lo crujiente que queda. Super saludable. Me encanta.", "fecha": "2021-03-31T17:07:27.954Z", "user": 3, "producto": 54 } }, { "model": "product.aportacion", "pk": 55, "fields": { "titulo": "Delicia", "mensaje": "Es una delicia y está muy sabrosa.", "fecha": "2021-03-31T17:07:27.954Z", "user": 4, "producto": 55 } }, { "model": "product.aportacion", "pk": 56, "fields": { "titulo": "Buenísimas", "mensaje": "Están buenísimas y además son sin azÀcar. Las recomiendo.", "fecha": "2021-03-31T17:07:27.954Z", "user": 2, "producto": 56 } }, { "model": "product.aportacion", "pk": 57, "fields": { "titulo": "Producto excepcional", "mensaje": "Es un producto excepcional. Una de las mejores cosas que he comido, con el té de la mañana quedan espectaculares.", "fecha": "2021-03-31T17:07:27.954Z", "user": 3, "producto": 57 } }, { "model": "product.aportacion", "pk": 58, "fields": { "titulo": "Buen producto", "mensaje": "Están muy buenas.", "fecha": "2021-03-31T17:07:27.954Z", "user": 2, "producto": 58 } }, { "model": "shoppingList.listadecompra", "pk": 1, "fields": { "perfil": 1, "productos": [55, 42, 21, 20, 14, 13, 7] } }, { "model": "shoppingList.listadecompra", "pk": 2, "fields": { "perfil": 2, "productos": [42, 14, 13, 7, 6] } }, { "model": "shoppingList.listadecompra", "pk": 3, "fields": { "perfil": 3, "productos": [57, 55, 50, 49, 16] } }, { "model": "recipe.receta", "pk": 1, "fields": { "nombre": "Patatas con tofu", "imagen": "patatas_con_tofu.jpg", "descripcion": "Ingredientes:\r\n100 gr de tofu\r\n3 dientes de ajo\r\n3 patatas medianas\r\nPimentón dulce\r\nPimentón picante\r\nRomero\r\nAjo en polvo\r\nJengibre en polvo\r\nComino en polvo\r\nOrégano\r\nSal\r\nAceite de oliva\r\nSalsa de soja\r\n\r\nPasos:\r\n1. Se lavan bien las patatas y se cortan en gajo. Se meten en un bol y se especian con orégano, romero, comino, jengibre en polvo y pimienta negra. Se añade pimentón dulce y ajo en polvo.\r\n2. Se engrasa con un chorrito de aceite de oliva y se mezcla muy bien hasta que las especias queden bien repartidas.\r\n3. Partimos por la mitad los ajos sin pelar. Entonces se meten en el horno a 180 grados durante 25-35 minutos o 20 minutos en una freidora de aire.\r\n4. Por otra parte, se corta el tofu en tiras y se coloca en una sartén con un chorrito de aceite de oliva.\r\n5. Se calienta la sartén a fuego medio y se añade un chorrito de salsa de soja, impregnando todo el tofu.\r\n6. Se mantiene a fuego medio y se va removiendo para dorarlo por todas partes.\r\n7. Cuando se consuma la salsa de soja, se añade otro chorro de salsa de soja, pimentón dulce, pimentón picante y ajo en polvo.\r\n8. Se remueve bien y se va añadiendo otro chorrito de aceite de oliva.\r\n9. Se saltea hasta dorar y que el tofu quede algo crujiente.\r\n10. Una vez esté todos listo, se sirve junto a las patatas y íA disfrutar!", "perfil": 1, "productos": [13] } }, { "model": "recipe.receta", "pk": 2, "fields": { "nombre": "Hamburguesa de soja texturizada", "imagen": "hamburguesa-soja-texturizada.jpg", "descripcion": "Ingredientes:\r\n200 g de soja texturizada fina\r\n2 cucharadas de harina\r\n1 cebolla\r\n2 dientes de ajo\r\n2 cucharadas de pan rallado\r\n1/2 cucharadita de comino\r\n1 cucharadita de pimentón\r\nPerejil picado al gusto\r\n1 cucharadita de salsa de soja (opcional)\r\nSal\r\nAceite de oliva virgen extra\r\n\r\nPasos:\r\n1. Hidratamos la soja poniéndola en un cuenco con el doble de agua durante 15 minutos. \r\n2. Una vez hidratada, la pasamos a un colador de malla fina y la dejamos escurrir unos minutos.\r\n3. Por otro lado, picamos la cebolla y los ajos bien finos y los sofreímos en una sartén con un poco de aceite.\r\n4. Cuando la cebolla esté transparente, retiramos del fuego y ponemos en el vaso de la batidora junto con la soja. Añadimos la harina, el pan rallado, el perejil y los condimentos y trituramos todo 2 minutos.\r\n5. Cogemos porciones de masa con las manos y formamos las hamburguesas, o utilizamos una prensa para hacer hamburguesas para que nos queden uniformes.\r\n6. Por último, calentamos una sartén con un chorrito de aceite y freímos las hamburguesas de soja por ambos lados hasta que estén doradas.", "perfil": 1, "productos": [14] } }, { "model": "recipe.receta", "pk": 3, "fields": { "nombre": "Sopa de quinoa con verduras", "imagen": "quinoasopa.jpg", "descripcion": "Ingredientes:\r\nUna zanahoria\r\nUn puerro o cebolleta\r\nDos tallos de apio\r\nCol\r\nUn litro de agua\r\n100 gramos de quinoa\r\nSal\r\nPimienta\r\nComino\r\n\r\nPasos:\r\n1. Coloca a hervir el litro de agua, donde echarás todos los vegetales bien limpios cortados en trozos más bien pequeños.\r\n2. Deja que entre en ebullición durante unos 10 minutos, aproximadamente.\r\n3. Tener preparada la quinoa lavada en el grifo.\r\n4. Tostarla levemente en una sartén para que tome mejor sabor y colocarla en la sopa para que se cocine.\r\n5. Cuando esté a punto, simplemente apaga el fuego, condimenta con sal, pimienta y comino y sirve.", "perfil": 1, "productos": [21] } }, { "model": "recipe.receta", "pk": 4, "fields": { "nombre": "Strudel vegetariano", "imagen": "strudel.jpg", "descripcion": "Ingredientes:\r\nMasa filo\r\nTofu\r\nSalsa de soja (opcional)\r\n2 zanahorias\r\n1/2 pimiento rojo\r\n1/2 pimiento verde\r\n100 g de col\r\nSetas\r\nQueso o crema fresca\r\nAceite o mantequilla\r\nSal\r\nPimienta\r\n\r\nElaboración:\r\n1. Con un pelador, quitarle la piel a los pimientos.\r\nEn una sartén con poco aceite, pocha, tras cortar muy pequeñito, las cebolletas, los pimientos, la colà en realidad puedes poner las verduras que más te gusten o tengas a mano (espárragos, brócoli, guisantes, ajetesà). No olvides salpimentar.\r\n2. Espolvorear el tofu con tus especias favoritas o con salsa de soja, desmigarlo y mezclarlo con las verduras ya pochadas. Añadir el queso.\r\n3. El horno lo tendremos a 190º para que se nos vaya calentando.\r\n4. Sacamos la pasta filo  de su envoltorio y cogemos 4 láminas, las vamos pincelando una a una con la mantequilla ablandada en el microondas, las ponemos tal cual, una encima de la otra y sobre papel de horno para poder luego transportarlas fácilmente a la bandeja.\r\n5. En el centro extendemos parte del pochado de tofu y verduras, dejando espacio en los 4 márgenes para que cuando lo enrollemos, no se nos salga.\r\n6. Encima del relleno, colocamos otras 4 láminas y volvemos a repetir la operación, es decir, echamos el resto del relleno.\r\n7. A continuación, doblamos los 4 bordes, haciendo como unos dobladillos grandes, dejando que un centímetro del relleno quede dentro de tal forma que al enrollarlo, no se salga por los lados y le vamos dando la vuelta con cuidado como si fuera un brazo de gitano.\r\n8. Finalmente pincelamos con aceite la superficie del rollo.\r\nToda esta operación de las láminas, debemos hacerla ôde un tirónö, sin detenernos porque ese es el único inconveniente de esta masa, que se reseca enseguida, se cuartea y no hay forma de que te hagas con ella. Pero vamos, sin agobios, que perfectamente da tiempo.\r\n9. Una vez pincelado, lo transportamos a la bandeja de horno donde lo tendremos unos 30 minutos aproximadamente (o hasta que haya tomado un tono dorado). También puedes hacer dos rollos en lugar de uno.", "perfil": 1, "productos": [30, 13] } }, { "model": "recipe.receta", "pk": 5, "fields": { "nombre": "Masa filo con espinacas y queso", "imagen": "espinacas-queso.jpg", "descripcion": "Ingredientes:\r\n2 ajos picados\r\n1 cebolla picada\r\n350 g de espinaca\r\nSal\r\n3 cucharadas de aceite de oliva\r\n1 cucharada de jugo de limón\r\nQueso vegano\r\nMasa filo\r\n\r\nElaboración:\r\n1. Se rehogan el ajo y la cebolla hasta que se doren un poquito, luego se añaden las espinacas y el chorrito de limón, se saltea y salpimentar al gusto. \r\n2. Se deja enfriar un poco. \r\n3. Se extiende una hoja de filo y se extiende con una brocha mantequilla, se pone una porción de las espinacas con un poco de queso y se va doblando la masa haciendo forma de triángulo. \r\n4. Una vez hechos se meten al horno a 180º durante aprox. 20 min. Buen provecho.", "perfil": 1, "productos": [32, 30] } }, { "model": "recipe.receta", "pk": 6, "fields": { "nombre": "Pizza barbacoa vegana", "imagen": "pizza-barbacoa.jpg", "descripcion": "Ingredientes:\r\n1 tomate\r\n1 cebolla\r\n1 pimiento rojo\r\nSal\r\nAceite de oliva\r\n100 g de tofu\r\n5 olivas negras\r\n1 pizca de queso\r\n1 cucharada de salsa barbacoa\r\nMasa quebrada brisa\r\n\r\nElaboración:\r\n\r\n1. Mientras se precalienta el horno a 180º, se hierve la soja texturizada fina unos 10 minutos (con agua, pero si se quiere se puede hervir con caldo de verdura o con alga), se pelan y cortan las verduras (a mi me gustan a juliana finita), se corta el tofu a daditos y se pone a marinar.\r\n\r\n2. Se escurre bien la soja y se reserva.\r\n\r\n3. Se saltean las verduras y se salan.\r\n\r\n4. Se añade la soja escurrida a las verduras y se le echa un chorro de salsa barbacoa.\r\n\r\n5. Se mezcla bien (se puede añadir también un chorro de tomate frito).\r\n\r\n6. Se estira la masa y se esparce sobre ella la soja con las verduras.\r\n\r\n7. Se esparcen los daditos de tofu marinado y unas olivas negras.\r\n\r\n8. Si se quiere se echa más salsa barbacoa.\r\n\r\n9. Se pone queso rallado vegano por encima y se hornea 10-15min.", "perfil": 1, "productos": [32, 14, 13] } }, { "model": "recipe.receta", "pk": 7, "fields": { "nombre": "Borek", "imagen": "photos/borek.jpg", "descripcion": "Ingredientes: \r\n1 rollo de masa quebrada\r\n200 g de tofu\r\n250 g de espinacas frescas troceadas (o espinacas baby)\r\n2 cucharadas de aceite de oliva\r\nPizca de pimienta negra\r\n1/4 de cucharadita de sal\r\n1 cucharadita de semillas de sésamo\r\nAceite de oliva para pincelar\r\n\r\nElaboración:\r\n1. Precalienta el horno a 180ºC. Pon papel de hornear en una bandeja para horno.\r\n2. En una sartén saltea las espinacas con el aceite de oliva, pimienta y sal. Desmenuza el tofu con las manos y añádelo. Retíralo del fuego.\r\n3. Pon una lámina de masa en la bandeja, pincélala con un poquito de aceite de oliva y coloca otra encima. Pincélala también y pon otra encima. Esto será la base de la empanada.\r\n4. Coloca el relleno encima, extendiéndolo bien. Ha de quedar finito.\r\n5. Sobre el relleno coloca 4 láminas de masa, pinceladas con aceite de oliva, y espolvorea con las semillas de sésamo.\r\n6. Hornéalo a 180ºC durante 25-30 minutos, hasta que la masa se dore (sin quemarse). Sácalo y sírvelo.", "perfil": 1, "productos": [40] } }, { "model": "recipe.receta", "pk": 8, "fields": { "nombre": "Pimientos rellenos sin carne con tomate", "imagen": "pimientos.jpg", "descripcion": "Ingredientes:\r\n1 paquete Picadillo 0% carne 230g\r\n2 Pimientos\r\n1 diente  de Ajo\r\n1 Cebolla\r\n5 cucharaditas Aceite\r\n5 Tomates cherry\r\n200 ml Salsa de tomate\r\n100 ml Caldo de verduras\r\n1 Hoja de albahaca\r\n\r\nPreparación:\r\n1. Lava y corta por la mitad los pimientos y vacíalos.\r\nPrepara el Picadillo Green Cuisine siguiendo las indicaciones del producto.\r\n2. En una sartén con aceite, fríe los pimientos por ambos lados.\r\nPica el diente de ajo y la cebolla y fríelos en una olla con una cucharada de aceite.\r\n3. Agrega la salsa de tomate, los tomates cherry y el caldo de verduras.\r\n4. Coloca los pimientos rellenos sobre la salsa de tomate y cubre la olla con una tapa.\r\n5. Cuece el conjunto a fuego lento durante 25 minutos.\r\n6. Agrega las hojas de albahaca y prepárate para disfrutar de un plato exquisito con el conquistarás a todos.", "perfil": 2, "productos": [55] } }, { "model": "recipe.receta", "pk": 9, "fields": { "nombre": "Burger Crispy BBQ", "imagen": "photos/hamburguesa.jpg", "descripcion": "Ingredientes:\r\n1 paquete de hamburguesas de kale y quinoa\r\n1 Pan de hamburguesa\r\n50 grs Cebolla crujiente\r\n60 grs Salsa barbacoa\r\n50 grs Mahonesa vegana\r\n100 grs Rúcula\r\n1 Tomate\r\n50 grs Queso camembert\r\n\r\nPreparación:\r\n1. Prepara las Hamburguesas de Kale y Quinoa Green Cuisine siguiendo las indicaciones del paquete.\r\n2. Corta el pan de hamburguesa por la mitad y tuéstalo en una sartén o tostadora.\r\n3. Mezcla la salsa barbacoa con la mitad de la mayonesa y reserva el resto. Extiende la mezcla sobre la mitad inferior del pan de hamburguesa.\r\n4. Corta el tomate en rodajas.\r\n5. Procede a montar la hamburguesa: coloca la rúcula y el tomate encima de la mitad inferior del pan de hamburguesa. Coloca después una de las hamburguesas, el queso camembert y la otra hamburguesa. Para finalizar, unta la tapa de la hamburguesa con el resto de la mayonesa y añade la cebolla crujiente.\r\n7. Acompaña tu Crispy BBQ Burger con patatas chips y ía disfrutar!", "perfil": 2, "productos": [51] } }, { "model": "recipe.receta", "pk": 10, "fields": { "nombre": "Ensalada de Bulgur", "imagen": "Ensalada-de-bulgur.jpg", "descripcion": "Ingredientes:\r\n1 paquete Veggie Bowl con Bulgur\r\n3 Huevos\r\n1/4 manojo Perejil\r\n1/4 ramo Ramo de cebollino\r\n2 cucharadas Pan rallado\r\n2 cucharadas Harina\r\n40 grs Mantequilla\r\nSal\r\nPimienta\r\n\r\nPreparación:\r\n1. Prepara el Veggie Bowl con Bulgur Green Cuisine siguiendo las indicaciones del paquete.\r\n2. Coloca un recipiente con agua en el fuego y cuando comience a hervir, sumerge 2 huevos, con cuidado de no romperlos, durante 5 minutos. Retíralos e introduciéndolos en un bol con agua fresca.\r\n3. Después, retira la cáscara de los huevos con cuidado y resérvalos.\r\n4. Pica el perejil y el cebollino y mézclalo con el pan rallado.\r\n5. Para preparar el empanado, coloca en 3 recipientes diferentes, la harina, el pan rallado con las hierbas picadas y un huevo batido sazonado con sal y pimienta.\r\n6. Reboza los huevos cocidos en el siguiente orden: harina, huevo batido y pan rallado.\r\n7. Calienta la mantequilla en una sartén a fuego alto y fríe los huevos durante 2 û 3 minutos,  dándoles vuelta delicadamente, hasta que adquieran un color dorado.\r\n8. Sirve los huevos empanados en el plato, como el centro de la mezcla de verduras, cereales y legumbres. íA disfrutar!", "perfil": 2, "productos": [50] } }, { "model": "recipe.receta", "pk": 11, "fields": { "nombre": "Espaguetis a la boloñesa", "imagen": "espaguetis.jpg", "descripcion": "Ingredientes:\r\n200 g de Picado carnal\r\n1 cebolla finamente picada\r\n2 dientes de ajo finamente picados\r\n1 pimiento rojo picado\r\n150 g de tomates cherry cortados en mitades\r\n2 cucharadas de aceite de oliva\r\n1 lata (400g) de tomate cortado en daditos\r\n1/2 cucharada de oregano\r\n150 g de espaguetis (trigo integral)\r\n1 ramita de albahaca fresca (opcional)\r\n2 cucharadas de queso parmesano en polvo (o sustituto vegano)\r\nsal\r\npimienta negra molida\r\n\r\nPreparación:\r\n1. Dorar el pimiento, el ajo y la cebolla en una sartén.\r\n2. Agregar los tomates cherry y la lata de tomate cortado en dados, 400ml de agua tibia, la albahaca y dejar cocinar a fuego lento durante 3 minutos.\r\n3. Hervir los espaguetis al dente de acuerdo con el método de preparación.\r\n4. Incorporar el Picado Carnal y el orégano a los tomates y la albahaca y dejar cocinar hasta obtener una consistencia de boloñesa. .\r\n5. Sazonar con sal y pimienta al gusto.\r\n6. Disponer los espaguetis en una fuente. Añadir la salsa boloñesa, las hojas de albahaca y espolvorear el queso por encima.", "perfil": 2, "productos": [2] } }, { "model": "recipe.receta", "pk": 12, "fields": { "nombre": "Pizza vegana a la jardinera", "imagen": "pizza-jardinera.jpg", "descripcion": "Ingredientes:\r\nMasa fresca pizza\r\n100 gr verduras jardinera\r\n3 cdas tomate triturado\r\nQueso de garbanzos vegano\r\n1/2 cta pimienta molida\r\n1 cta albahaca picada\r\nAceite oliva\r\nSal\r\n\r\nPasos:\r\n1. Precalentar el horno a 220ºC.\r\n2. Preparamos la masa en una placa de horno con papel de horno. Repartir con la ayuda de una cuchara el tomate triturado y encima el queso de garbanzos vegano.\r\n3. Encima repartir las verduras, salpimentamos, echamos un chorrito de aceite e introducir al horno a media altura, calor arriba y abajo durante 12-15 minutos.\r\n4. Sacar y presentar, espolvorear con albahaca picada. Rica, sana, fácil y rápida de preparar.", "perfil": 2, "productos": [45] } }, { "model": "recipe.receta", "pk": 13, "fields": { "nombre": "Rollitos de calabacín con hummus", "imagen": "rollitos-calabacin.jpg", "descripcion": "Ingredientes:\r\n1 unidad(es) de Calabacín o zucchini\r\n1 vasito de Pasta de sésamo (Tahini)\r\n1 vasito de Hummus\r\n\r\nElaboración:\r\n1. Pelar el calabacín, cortar con un pelapatatas tajadas bien finitas de calabacín, pero no tan finas como para que se rompan.\r\n2. Rellenar de hummus y tahini al gusto.\r\n3. Enrollar.", "perfil": 2, "productos": [20] } }, { "model": "recipe.receta", "pk": 14, "fields": { "nombre": "Sándwich de berros y hummus", "imagen": "sandwich.jpg", "descripcion": "Ingredientes:\r\n1 pizca de Sal\r\n1 pizca de Aceite de oliva\r\n200 gramos de pan\r\n150 gramos de Berro\r\n300 gramos de Hummus\r\n\r\nPreparación:\r\nLavamos los berros y aliñamos ligeramente son sal y aceite.\r\nUntamos una rebanada de pan con el hummus, colocamos por encima un puñado de berros y tapamos con otra rebanada.", "perfil": 2, "productos": [20, 6] } }, { "model": "recipe.receta", "pk": 15, "fields": { "nombre": "Pizza de hummus y berenjena", "imagen": "pizza-hummus.jpg", "descripcion": "Ingredientes:\r\n1 unidad(es) de Berenjena\r\n1 unidad(es) de Cebolla\r\n1 unidad(es) de Aguacate\r\n1 pizca de Orégano\r\n1 pizca de Sal\r\n1 cucharada de Aceite de oliva\r\n1 vaso de Hummus\r\n1 unidad(es) de Masa de pizza\r\n\r\nElaboración: \r\n1. Ponemos a calentar el horno a 200ºC. \r\n2. Cortamos la berenjena en rodajas, las rociamos con aceite y sal y la horneamos durante 20 min (a la mitad hay que darles la vuelta) o las hacemos a la plancha. \r\n3. Sofreímos la cebolla. \r\n4. Untamos la base de pizza con hummus, colocamos encima la cebolla, las rodajas de berenjena, aguacate cortado en láminas y orégano. \r\n5. Horneamos la pizza durante unos 20 minutos.", "perfil": 2, "productos": [45, 20] } }, { "model": "recipe.receta", "pk": 16, "fields": { "nombre": "Empanada de soja texturizada", "imagen": "empanada-soja.jpg", "descripcion": "Ingredientes:\r\n1 masa para empanadas\r\n2 puñados soja texturizada fina\r\n1/2 cebolla\r\n1/2 pimiento rojo\r\n1/2 pimiento verde\r\n1 diente ajo\r\n1/4 de calabacín rallado\r\n1 lata tomate natural triturado\r\nRas el hanout\r\n\r\nPasos:\r\n1. En una sartén sofreímos las verdura y la soja texturizada(previamente hidratada), agregamos las especias y una vez esté todo doradito agregamos el tomate y dejamos cocinar unos 15 min a fuego medio.\r\n2. Colocamos una parte de la masa en una bandeja de horno y ponemos el relleno dejando los bordes libres para luego poder sellar la bien. Ahora colocamos otra parte de la masa encima.\r\n3. Con las manos vamos sellando el borde. Ahora con un tenedor pinchamos la masa por la parte superior para que no se hinche y lo pintamos con un poquito de aceite de oliva.\r\n4. Por último, al horno unos 20-25 minutos a unos 200ºC", "perfil": 2, "productos": [41, 14] } }]